2/2/04,1135.26,1310235136
2/3/04,1136.03,1166618752
2/4/04,1126.52,1444373632
2/5/04,1128.59,1298295552
2/6/04,1142.76,1187642112
2/9/04,1139.81,1011289088
2/10/04,1145.54,1074584832
2/11/04,1157.76,1412235008
2/12/04,1152.11,1123046144
2/13/04,1145.81,1075376256
2/17/04,1156.99,1108632704
2/18/04,1151.82,1075504128
2/19/04,1147.06,1289602944
2/20/04,1144.11,1212153856
2/23/04,1140.99,1210609664
2/24/04,1139.09,1285189376
2/25/04,1143.67,1063963712
2/26/04,1144.91,1083968768
2/27/04,1144.94,1237430144
3/1/04,1155.96,1124882560
3/2/04,1149.1,1159018496
3/3/04,1151.04,1031822016
3/4/04,1154.88,949440832
3/5/04,1156.87,1191689472
3/8/04,1147.21,1020542336
3/9/04,1140.58,1234606208
3/10/04,1123.89,1348877312
3/11/04,1106.78,1498937344
3/12/04,1120.57,1127595008
3/15/04,1104.49,1177515776
3/16/04,1110.7,1167256960
3/17/04,1123.75,1064137472
3/18/04,1122.32,1072977024
3/19/04,1109.78,1209535616
3/22/04,1095.4,1191076096
3/23/04,1093.95,1173820160
3/24/04,1091.33,1208973568
3/25/04,1109.19,1221582464
3/26/04,1108.06,1044718656
3/29/04,1122.47,1079378688
3/30/04,1127,970929600
3/31/04,1126.21,1164109568
4/1/04,1132.17,1190641152
4/2/04,1141.81,1371885440
4/5/04,1150.57,1069924480
4/6/04,1148.16,1026677504
4/7/04,1140.53,1094943360
4/8/04,1139.32,954062208
4/12/04,1145.2,789760256
4/13/04,1129.44,1029716672
4/14/04,1128.17,1158202496
4/15/04,1128.84,1255241856
4/16/04,1134.61,1165444096
4/19/04,1135.82,917781888
4/20/04,1118.15,1152417280
4/21/04,1124.09,1345816448
4/22/04,1139.93,1448860928
4/23/04,1140.6,1169262464
4/26/04,1135.53,985041984
4/27/04,1138.11,1153662464
4/28/04,1122.41,1264376448
4/29/04,1113.89,1450321024
4/30/04,1107.3,1289635840
5/3/04,1117.49,1237229568
5/4/04,1119.55,1216912640
5/5/04,1121.53,1080396032
5/6/04,1113.99,1144997120
5/7/04,1098.7,1197894912
5/10/04,1087.12,1402402560
5/11/04,1095.45,1169992704
5/12/04,1097.28,1309652608
5/13/04,1096.44,1099801728
5/14/04,1095.7,1019909248
5/17/04,1084.1,1091998720
5/18/04,1091.49,989508032
5/19/04,1088.68,1216209664
5/20/04,1089.19,953947968
5/21/04,1093.56,1016203072
5/24/04,1095.41,982775104
5/25/04,1113.05,1210448000
5/26/04,1114.94,1094762496
5/27/04,1121.28,1145584384
5/28/04,1120.68,900930560
6/1/04,1121.2,952882880
6/2/04,1124.99,993302528
6/3/04,1116.64,944587072
6/4/04,1122.5,904714176
6/7/04,1140.42,955727104
6/8/04,1142.18,957822912
6/9/04,1131.33,946635328
6/10/04,1136.47,864628928
6/14/04,1125.29,847874176
6/15/04,1132.01,1084855936
6/16/04,1133.56,868142400
6/17/04,1132.05,979811456
6/18/04,1135.02,1280913152
6/21/04,1130.3,898844800
6/22/04,1134.41,1118845952
6/23/04,1144.06,1157855360
6/24/04,1140.65,1090784128
6/25/04,1134.43,1438360960
6/28/04,1133.35,1058764224
6/29/04,1136.2,1080003840
6/30/04,1140.84,1129130240
7/1/04,1128.94,1210488704
7/2/04,1125.38,836943744
7/6/04,1116.21,1145696640
7/7/04,1118.33,1116699136
7/8/04,1109.11,1149740544
7/9/04,1112.81,961757632
7/12/04,1114.35,900420800
7/13/04,1115.14,924563264
7/14/04,1111.47,1274837120
7/15/04,1106.69,1100742912
7/16/04,1101.39,1216957824
7/19/04,1100.9,1078716032
7/20/04,1108.67,1147968256
7/21/04,1093.88,1316353408
7/22/04,1096.84,1286707072
7/23/04,1086.2,1076174208
7/26/04,1084.07,1115277568
7/27/04,1094.83,1255762176
7/28/04,1095.42,1221169280
7/29/04,1100.43,1168862592
7/30/04,1101.72,1037056256
8/2/04,1106.62,946656448
8/3/04,1099.69,998749504
8/4/04,1098.63,1033251328
8/5/04,1080.7,1053377408
8/6/04,1063.97,1164824704
8/9/04,1065.22,814079936
8/10/04,1079.04,932860544
8/11/04,1075.79,1120122368
8/12/04,1063.23,1155376256
8/13/04,1064.8,945266880
8/16/04,1079.34,938975616
8/17/04,1081.71,994248064
8/18/04,1095.17,1038879744
8/19/04,1091.23,951602688
8/20/04,1098.35,904834048
8/23/04,1095.68,764597376
8/24/04,1096.19,826451840
8/25/04,1104.96,905689088
8/26/04,1105.09,773451136
8/27/04,1107.77,643982400
8/30/04,1099.15,635679104
8/31/04,1104.24,916586432
9/1/04,1105.91,973192128
9/2/04,1118.31,939268672
9/3/04,1113.63,870068608
9/7/04,1121.3,1019685824
9/8/04,1116.27,1095956096
9/9/04,1118.38,1165909760
9/10/04,1123.92,1154874624
9/13/04,1125.82,1166622080
9/14/04,1128.33,1078026624
9/15/04,1120.37,1145723392
9/16/04,1123.5,899974144
9/17/04,1128.55,1336218880
9/20/04,1122.2,1051067392
9/21/04,1129.3,1128959104
9/22/04,1113.56,1219256576
9/23/04,1108.36,1121390848
9/24/04,1110.11,1087504256
9/27/04,1103.52,1042158016
9/28/04,1110.06,1175454592
9/29/04,1114.8,1178063488
9/30/04,1114.58,1497258112
10/1/04,1131.5,1376504064
10/4/04,1135.17,1319372416
10/5/04,1134.48,1186372736
10/6/04,1142.05,1177227648
10/7/04,1130.65,1183280512
10/8/04,1122.14,1107244800
10/11/04,1124.39,757224768
10/12/04,1121.84,1108425856
10/13/04,1113.65,1313799168
10/14/04,1103.29,1237584512
10/15/04,1108.2,1427104768
10/18/04,1114.02,1145612800
10/19/04,1103.23,1447726848
10/20/04,1103.66,1405024384
10/21/04,1106.49,1458368256
10/22/04,1095.74,1265997312
10/25/04,1094.81,1137514752
10/26/04,1111.09,1441937536
10/27/04,1125.4,1442912256
10/28/04,1127.44,1344055808
10/29/04,1130.2,1293254400
11/1/04,1130.51,1231388544
11/2/04,1130.54,1419292672
11/3/04,1143.2,1502389376
11/4/04,1161.67,1488656128
11/5/04,1166.17,1479131776
11/8/04,1164.89,1127313664
11/9/04,1164.08,1209800832
11/10/04,1162.91,1316058496
11/11/04,1173.48,1155550336
11/12/04,1184.17,1340598272
11/15/04,1183.81,1194347904
11/16/04,1175.43,1090065024
11/17/04,1181.94,1430202880
11/18/04,1183.55,1249211776
11/19/04,1170.34,1302248320
11/22/04,1177.24,1169217280
11/23/04,1176.94,1177296384
11/24/04,1181.76,941173632
11/26/04,1182.65,397280128
11/29/04,1178.57,1119621120
11/30/04,1173.82,1303798272
12/1/04,1191.37,1479115264
12/2/04,1190.33,1440066944
12/3/04,1191.17,1410637952
12/6/04,1190.25,1141242368
12/7/04,1177.07,1331091328
12/8/04,1182.81,1207269760
12/9/04,1189.24,1439089024
12/10/04,1188,1206769408
12/13/04,1198.68,1346823680
12/14/04,1203.38,1462049408
12/15/04,1205.72,1495435904
12/16/04,1203.21,1623362560
12/17/04,1194.22,2168919552
12/20/04,1194.65,1274530560
12/21/04,1205.45,1304714752
12/22/04,1209.57,1246818944
12/23/04,1210.13,855147584
12/27/04,1204.92,808523200
12/28/04,1213.54,834313408
12/29/04,1213.45,800424000
12/30/04,1213.55,707210368
12/31/04,1211.92,679093056
1/3/05,1202.08,1332210048
1/4/05,1188.05,1552645760
1/5/05,1183.74,1428364928
1/6/05,1187.89,1331003776
1/7/05,1186.19,1273960064
1/10/05,1190.25,1213694336
1/11/05,1182.99,1314530176
1/12/05,1187.7,1426778496
1/13/05,1177.45,1348414976
1/14/05,1184.52,1176222336
1/18/05,1195.98,1382757760
1/19/05,1184.63,1323256064
1/20/05,1175.41,1449265280
1/21/05,1167.87,1400090368
1/24/05,1163.75,1302378496
1/25/05,1168.41,1351991296
1/26/05,1174.07,1401963776
1/27/05,1174.55,1426887936
1/28/05,1171.36,1540276608
1/31/05,1181.27,1420126976
2/1/05,1189.41,1421076736
2/2/05,1193.19,1370936320
2/3/05,1189.89,1314845568
2/4/05,1203.03,1366097792
2/7/05,1201.72,1101892480
2/8/05,1202.3,1224138624
2/9/05,1191.99,1259688320
2/10/05,1197.01,1235231104
2/11/05,1205.3,1329709952
2/14/05,1206.14,1071631552
2/15/05,1210.12,1296391552
2/16/05,1210.34,1271919104
2/17/05,1200.75,1309461760
2/18/05,1201.59,1318351616
2/22/05,1184.16,1460212608
2/23/05,1190.8,1287149952
2/24/05,1200.2,1290938240
2/25/05,1211.37,1199078272
2/28/05,1203.6,1499813504
3/1/05,1210.41,1360114816
3/2/05,1210.08,1277046528
3/3/05,1210.47,1286984064
3/4/05,1222.12,1294254720
3/7/05,1225.31,1263689216
3/8/05,1219.43,1234586112
3/9/05,1207.01,1405725056
3/10/05,1209.25,1250443392
3/11/05,1200.08,1212479104
3/14/05,1206.83,1179851136
3/15/05,1197.75,1220543744
3/16/05,1188.07,1371389440
3/17/05,1190.21,1276628992
3/18/05,1189.65,2241536768
3/21/05,1183.78,1192582656
3/22/05,1171.71,1435704704
3/23/05,1172.53,1497113216
3/24/05,1171.42,1116610176
3/28/05,1174.28,1102991616
3/29/05,1165.36,1434307712
3/30/05,1181.41,1384231040
3/31/05,1180.59,1395937536
4/1/05,1172.92,1464622592
4/4/05,1176.12,1394443264
4/5/05,1181.39,1259813376
4/6/05,1184.07,1228572672
4/7/05,1191.14,1285856768
4/8/05,1181.2,1065551616
4/11/05,1181.21,1002874560
4/12/05,1187.76,1359661440
4/13/05,1173.79,1360011136
4/14/05,1162.05,1598540544
4/15/05,1142.62,1951671808
4/18/05,1145.98,1491833216
4/19/05,1152.78,1479657088
4/20/05,1137.5,1627984768
4/21/05,1159.95,1576988032
4/22/05,1152.12,1405792896
4/25/05,1162.1,1177273984
4/26/05,1151.74,1261130624
4/27/05,1156.38,1367301888
4/28/05,1143.22,1423042432
4/29/05,1156.85,1595727104
5/2/05,1162.16,1239892992
5/3/05,1161.17,1474946176
5/4/05,1175.65,1506196992
5/5/05,1172.63,1286023424
5/6/05,1171.35,1141575296
5/9/05,1178.84,1157724416
5/10/05,1166.22,1211852544
5/11/05,1171.11,1213358720
5/12/05,1159.36,1311763584
5/13/05,1154.05,1459636224
5/16/05,1165.69,1145815808
5/17/05,1173.8,1268904576
5/18/05,1185.56,1526236416
5/19/05,1191.08,1165238016
5/20/05,1189.28,1105894912
5/23/05,1193.86,1096788992
5/24/05,1194.07,1112991872
5/25/05,1190.01,1083299584
5/26/05,1197.62,1083744384
5/27/05,1198.78,821338048
5/31/05,1191.5,1246986240
6/1/05,1202.27,1154630528
6/2/05,1204.29,1159880832
6/3/05,1196.02,1062490816
6/6/05,1197.51,935571008
6/7/05,1197.26,1184759552
6/8/05,1194.67,1086115712
6/9/05,1200.93,1194489216
6/10/05,1198.11,1046279296
6/13/05,1200.82,1021374336
6/14/05,1203.91,1056202880
6/15/05,1206.58,1150761344
6/16/05,1210.96,1145206784
6/17/05,1216.96,1717442688
6/20/05,1216.1,1007352320
6/21/05,1213.61,1095108480
6/22/05,1213.88,1111463168
6/23/05,1200.73,1397213312
6/24/05,1191.57,1623143808
6/27/05,1190.69,1097767296
6/28/05,1201.57,1105845760
6/29/05,1199.85,1127354368
6/30/05,1191.33,1418320000
7/1/05,1194.44,1019218048
7/5/05,1204.99,1129362816
7/6/05,1194.94,1217364224
7/7/05,1197.87,1296454400
7/8/05,1211.86,1188141440
7/11/05,1219.44,1146468608
7/12/05,1222.21,1188026624
7/13/05,1223.29,1110831232
7/14/05,1226.5,1347912320
7/15/05,1227.92,1164307200
7/18/05,1221.13,977703872
7/19/05,1229.35,1324184576
7/20/05,1235.2,1412872192
7/21/05,1227.04,1412402048
7/22/05,1233.68,1141688192
7/25/05,1229.03,1054803584
7/26/05,1231.16,1199339648
7/27/05,1236.79,1211184000
7/28/05,1243.72,1179351040
7/29/05,1234.18,1118531840
8/1/05,1235.35,1046121920
8/2/05,1244.12,1265560704
8/3/05,1245.04,1255644672
8/4/05,1235.86,1169616896
8/5/05,1226.42,1117619840
8/8/05,1223.13,1037943872
8/9/05,1231.38,1092149504
8/10/05,1229.13,1312080128
8/11/05,1237.81,1149537024
8/12/05,1230.39,1165864576
8/15/05,1233.87,946172736
8/16/05,1219.34,1099034368
8/17/05,1220.24,1145808640
8/18/05,1219.02,1040945024
8/19/05,1219.71,990882624
8/22/05,1221.73,942456896
8/23/05,1217.57,1002890496
8/24/05,1209.59,1190234752
8/25/05,1212.4,932132928
8/26/05,1205.1,915256448
8/29/05,1212.28,933592896
8/30/05,1208.41,1131433600
8/31/05,1220.33,1397745536
9/1/05,1221.59,1357155072
9/2/05,1218.02,975556864
9/6/05,1233.39,1087979520
9/7/05,1236.36,1163961600
9/8/05,1231.67,1224166912
9/9/05,1241.48,1215275648
9/12/05,1240.56,1249371904
9/13/05,1231.2,1278492544
9/14/05,1227.16,1208679808
9/15/05,1227.73,1234468096
9/16/05,1237.91,2424487680
9/19/05,1231.02,1211224192
9/20/05,1221.34,1351559040
9/21/05,1210.2,1452930304
9/22/05,1214.62,1374017024
9/23/05,1215.29,1245660800
9/26/05,1215.63,1225258496
9/27/05,1215.66,1181024512
9/28/05,1216.89,1274659712
9/29/05,1227.68,1297961600
9/30/05,1228.81,1221459072
10/3/05,1226.7,1260490496
10/4/05,1214.47,1536411008
10/5/05,1196.39,1511122560
10/6/05,1191.49,1633787136
10/7/05,1195.9,1217366528
10/10/05,1187.33,1308230656
10/11/05,1184.87,1350030592
10/12/05,1177.68,1511695488
10/13/05,1176.84,1403612288
10/14/05,1186.57,1263004928
10/17/05,1190.1,1146975488
10/18/05,1178.14,1295642112
10/19/05,1195.76,1604523776
10/20/05,1177.8,1557352576
10/21/05,1179.59,1585291008
10/24/05,1199.38,1304580608
10/25/05,1196.54,1325766528
10/26/05,1191.38,1460242176
10/27/05,1178.9,1327645568
10/28/05,1198.41,1490456192
10/31/05,1207.01,1603363968
11/1/05,1202.76,1518071168
11/2/05,1214.76,1711292032
11/3/05,1219.94,1703798400
11/4/05,1220.14,1253363456
11/7/05,1222.81,1379179008
11/8/05,1218.59,1145893120
11/9/05,1220.65,1224958080
11/10/05,1230.96,1449130240
11/11/05,1234.72,1024365248
11/14/05,1233.76,1074421248
11/15/05,1229.01,1318507904
11/16/05,1231.21,1274243968
11/17/05,1242.8,1348633600
11/18/05,1248.27,1592481280
11/21/05,1254.85,1227532544
11/22/05,1261.23,1382208000
11/23/05,1265.61,1177138688
11/25/05,1268.25,466539328
11/28/05,1257.46,1165178112
11/29/05,1257.48,1337174016
11/30/05,1249.48,1407916544
12/1/05,1264.67,1495709824
12/2/05,1265.08,1163507456
12/5/05,1262.09,1248159872
12/6/05,1263.7,1265914496
12/7/05,1257.37,1236777600
12/8/05,1255.84,1330491392
12/9/05,1259.37,1131954560
12/12/05,1260.43,1102328064
12/13/05,1267.43,1432521216
12/14/05,1272.74,1334287744
12/15/05,1270.94,1269633408
12/16/05,1267.32,2028336896
12/19/05,1259.92,1348819456
12/20/05,1259.62,1211689216
12/21/05,1262.79,1159580288
12/22/05,1268.12,1060674304
12/23/05,1268.66,683380800
12/27/05,1256.54,859384640
12/28/05,1258.17,793248192
12/29/05,1254.42,765446720
12/30/05,1248.29,864655168
1/3/06,1268.8,1499765632
1/4/06,1273.46,1441446144
1/5/06,1273.48,1412413952
1/6/06,1285.45,1523095424
1/9/06,1290.15,1310386944
1/10/06,1289.69,1376552576
1/11/06,1294.18,1423781632
1/12/06,1286.06,1356548480
1/13/06,1287.61,1340075648
1/17/06,1282.93,1285842944
1/18/06,1277.93,1497695104
1/19/06,1285.04,1562946176
1/20/06,1261.49,1814203520
1/23/06,1263.82,1489123200
1/24/06,1266.86,1790557824
1/25/06,1264.68,1846179840
1/26/06,1273.83,1954085632
1/27/06,1283.72,1865399040
1/30/06,1285.2,1582982016
1/31/06,1280.08,1870533376
2/1/06,1282.46,1799084544
2/2/06,1270.84,1728194816
2/3/06,1264.03,1736930048
2/6/06,1265.02,1402369024
2/7/06,1254.78,1640392832
2/8/06,1265.65,1685294464
2/9/06,1263.78,1654287744
2/10/06,1266.99,1482610688
2/13/06,1262.86,1181821056
2/14/06,1275.53,1567124992
2/15/06,1280,1562718848
2/16/06,1289.38,1509607296
2/17/06,1287.24,1533955328
2/21/06,1283.03,1342078976
2/22/06,1292.67,1545437056
2/23/06,1287.79,1412882688
2/24/06,1289.43,1195747072
2/27/06,1294.12,1308112896
2/28/06,1280.66,1698687232
3/1/06,1291.24,1639065856
3/2/06,1289.14,1669569920
3/3/06,1287.23,1719352192
3/6/06,1278.26,1568312320
3/7/06,1275.88,1477081984
3/8/06,1278.47,1596542208
3/9/06,1272.23,1434043136
3/10/06,1281.58,1395571840
3/13/06,1284.13,1311119232
3/14/06,1297.48,1386994176
3/15/06,1303.02,1605309312
3/16/06,1305.33,1719596288
3/17/06,1307.25,2043665408
3/20/06,1305.08,1351873024
3/21/06,1297.23,1635687168
3/22/06,1305.04,1503684352
3/23/06,1301.67,1418438528
3/24/06,1302.95,1392789376
3/27/06,1301.61,1286238592
3/28/06,1293.23,1475092736
3/29/06,1302.89,1645525888
3/30/06,1300.25,1492838016
3/31/06,1294.83,1454770816
4/3/06,1297.81,1534002048
4/4/06,1305.93,1471913728
4/5/06,1311.56,1567875840
4/6/06,1309.04,1512238592
4/7/06,1295.5,1405824768
4/10/06,1296.6,1265297280
4/11/06,1286.57,1535131008
4/12/06,1288.12,1237766400
4/13/06,1289.12,1158771712
4/17/06,1285.33,1222443264
4/18/06,1307.65,1765909376
4/19/06,1309.93,1613775104
4/20/06,1311.46,1733538560
4/21/06,1311.28,1802720128
4/24/06,1308.11,1445496448
4/25/06,1301.74,1670773248
4/26/06,1305.41,1635965568
4/27/06,1309.72,2029641088
4/28/06,1310.61,2061429760
5/1/06,1305.19,1612972160
5/2/06,1313.21,1565089664
5/3/06,1307.85,1664264448
5/4/06,1312.25,1560253440
5/5/06,1325.76,1554463872
5/8/06,1324.66,1467416448
5/9/06,1325.14,1469779840
5/10/06,1322.85,1490166784
5/11/06,1305.92,1737906816
5/12/06,1291.24,1681305984
5/15/06,1294.5,1575865600
5/16/06,1292.08,1550514432
5/17/06,1270.32,1919180544
5/18/06,1261.81,1656374016
5/19/06,1267.03,2106434304
5/22/06,1262.07,1738738560
5/23/06,1256.58,1723477248
5/24/06,1258.57,1975359616
5/25/06,1272.88,1539391104
5/26/06,1280.16,1164525056
5/30/06,1259.84,1378810240
5/31/06,1270.09,1815750656
6/1/06,1285.71,1583768320
6/2/06,1288.22,1439117056
6/5/06,1265.29,1332189056
6/6/06,1263.85,1712350208
6/7/06,1256.15,1640068352
6/8/06,1257.93,2277760512
6/9/06,1252.3,1385776896
6/12/06,1236.4,1442514688
6/13/06,1223.69,2019828864
6/14/06,1230.04,1785010432
6/15/06,1256.16,1788560256
6/16/06,1251.54,1976364416
6/19/06,1240.14,1370292992
6/20/06,1240.12,1323395968
6/21/06,1252.2,1504163968
6/22/06,1245.6,1351414656
6/23/06,1244.5,1288192000
6/26/06,1250.56,1131730304
6/27/06,1239.2,1422811136
6/28/06,1246,1324597888
6/29/06,1272.87,1666507136
6/30/06,1270.2,1852939008
7/3/06,1280.19,593521408
7/5/06,1270.91,1233683712
7/6/06,1274.08,1205185792
7/7/06,1265.48,1368599168
7/10/06,1267.34,1200037120
7/11/06,1272.52,1597151616
7/12/06,1258.6,1468276480
7/13/06,1242.29,1711626752
7/14/06,1236.2,1539426816
7/17/06,1234.49,1306030976
7/18/06,1236.86,1618984704
7/19/06,1259.81,1968649088
7/20/06,1249.13,1740022784
7/21/06,1240.29,2085158144
7/24/06,1260.91,1504895232
7/25/06,1268.88,1598928256
7/26/06,1268.4,1728339840
7/27/06,1263.2,1689513088
7/28/06,1278.55,1503012992
7/31/06,1276.66,1403689088
8/1/06,1270.92,1229571456
8/2/06,1278.55,1353561600
8/3/06,1280.27,1438048256
8/4/06,1279.36,1374762752
8/7/06,1275.77,1075668736
8/8/06,1271.48,1276492800
8/9/06,1265.95,1435443712
8/10/06,1271.81,1212325760
8/11/06,1266.74,1038507904
8/14/06,1268.21,1147214336
8/15/06,1285.58,1249347200
8/16/06,1295.43,1368112128
8/17/06,1297.48,1322695296
8/18/06,1302.3,1238601984
8/21/06,1297.52,917141376
8/22/06,1298.82,1023846016
8/23/06,1292.99,942668800
8/24/06,1296.06,982140032
8/25/06,1295.09,853711808
8/28/06,1301.78,939677312
8/29/06,1304.28,1131615104
8/30/06,1304.27,1053645568
8/31/06,1303.82,1120542848
9/1/06,1311.01,909032256
9/5/06,1313.25,1098626944
9/6/06,1300.26,1174665216
9/7/06,1294.02,1232157824
9/8/06,1298.92,1046530944
9/11/06,1299.54,1292083200
9/12/06,1313.11,1474171776
9/13/06,1318.07,1339198080
9/14/06,1316.28,1206065920
9/15/06,1319.87,1948372352
9/18/06,1321.18,1222844544
9/19/06,1318.31,1266167040
9/20/06,1325.18,1432167424
9/21/06,1318.03,1379812224
9/22/06,1314.78,1170811904
9/25/06,1326.37,1422412928
9/26/06,1336.34,1421375744
9/27/06,1336.59,1435301888
9/28/06,1339.15,1215184128
9/29/06,1335.85,1113685632
10/2/06,1331.32,1098301184
10/3/06,1334.11,1346932992
10/4/06,1350.22,1492514816
10/5/06,1353.22,1397613696
10/6/06,1349.58,1297337600
10/9/06,1350.66,1005190400
10/10/06,1353.42,1257026048
10/11/06,1349.95,1345382144
10/12/06,1362.83,1342545152
10/13/06,1365.62,1243149824
10/16/06,1369.05,1138673792
10/17/06,1364.05,1234749312
10/18/06,1365.96,1400344320
10/19/06,1366.96,1394563840
10/20/06,1368.6,1438499328
10/23/06,1377.02,1285922176
10/24/06,1377.38,1360477568
10/25/06,1382.22,1479662848
10/26/06,1389.08,1350804352
10/27/06,1377.34,1306355200
10/30/06,1377.93,1182751104
10/31/06,1377.94,1367867776
11/1/06,1367.81,1347562496
11/2/06,1367.34,1258603520
11/3/06,1364.3,1152141056
11/6/06,1379.78,1164038144
11/7/06,1382.84,1262121472
11/8/06,1385.72,1367120256
11/9/06,1378.33,1489525632
11/10/06,1380.9,1116918272
11/13/06,1384.42,1074022528
11/14/06,1393.22,1292483072
11/15/06,1396.57,1318461440
11/16/06,1399.76,1237158272
11/17/06,1401.2,1313299328
11/20/06,1400.5,1160660864
11/21/06,1402.81,1154100736
11/22/06,1406.09,1020549888
11/24/06,1400.95,391538912
11/27/06,1381.9,1240709632
11/28/06,1386.72,1269492736
11/29/06,1399.48,1239902976
11/30/06,1400.63,1799825792
12/1/06,1396.71,1289008000
12/4/06,1409.12,1174553856
12/5/06,1414.76,1225565056
12/6/06,1412.9,1233943040
12/7/06,1407.29,1225742208
12/8/06,1409.84,1134638208
12/11/06,1413.04,1071381760
12/12/06,1411.56,1254876928
12/13/06,1413.21,1158988800
12/14/06,1425.49,1274622080
12/15/06,1427.09,1858692352
12/18/06,1422.48,1231796992
12/19/06,1425.55,1265174656
12/20/06,1423.53,1068286400
12/21/06,1418.3,1070676800
12/22/06,1410.76,794850176
12/26/06,1416.9,600731328
12/27/06,1426.84,752994240
12/28/06,1424.73,671264768
12/29/06,1418.3,794505408
1/3/07,1416.6,1642567296
1/4/07,1418.34,1418678144
1/5/07,1409.71,1351708544
1/8/07,1412.84,1251463168
1/9/07,1412.11,1403445760
1/10/07,1414.85,1319674880
1/11/07,1423.82,1365307392
1/12/07,1430.73,1307537280
1/16/07,1431.9,1270654592
1/17/07,1430.62,1344215808
1/18/07,1426.37,1385858048
1/19/07,1430.5,1406259584
1/22/07,1422.95,1246799488
1/23/07,1427.99,1306478208
1/24/07,1440.13,1326638848
1/25/07,1423.9,1435520896
1/26/07,1422.18,1243369728
1/29/07,1420.62,1240652032
1/30/07,1428.82,1211123712
1/31/07,1438.24,1394423424
2/1/07,1445.94,1379069440
2/2/07,1448.39,1127393024
2/5/07,1446.99,1090996992
2/6/07,1448,1173260160
2/7/07,1450.02,1180239488
2/8/07,1448.31,1185290240
2/9/07,1438.06,1237817344
2/12/07,1433.37,967554560
2/13/07,1444.26,1092172544
2/14/07,1455.3,1163870464
2/15/07,1456.81,1051634368
2/16/07,1455.54,1172628992
2/20/07,1459.68,1039060032
2/21/07,1457.63,1106153088
2/22/07,1456.38,1139687936
2/23/07,1451.19,1138823680
2/26/07,1449.37,1227472000
2/27/07,1399.04,1928518272
2/28/07,1406.82,1822529408
3/1/07,1403.17,1833591424
3/2/07,1387.17,1522206080
3/5/07,1374.12,1456561152
3/6/07,1395.41,1439346176
3/7/07,1391.97,1328965888
3/8/07,1401.89,1290832896
3/9/07,1402.85,1157442816
3/12/07,1406.6,1233240064
3/13/07,1377.95,1611509632
3/14/07,1387.17,1708717312
3/15/07,1392.28,1202705152
3/16/07,1386.95,1793014528
3/19/07,1402.06,1090037504
3/20/07,1410.94,1203748992
3/21/07,1435.04,1399391232
3/22/07,1434.54,1294516224
3/23/07,1436.11,1123191296
3/26/07,1437.5,1191634688
3/27/07,1428.61,1154267392
3/28/07,1417.23,1284288512
3/29/07,1422.53,1240005120
3/30/07,1420.86,1277374464
4/2/07,1424.55,1239446144
4/3/07,1437.77,1235053568
4/4/07,1439.37,1100974080
4/5/07,1443.76,978177088
4/9/07,1444.61,1023604480
4/10/07,1448.39,1071128192
4/11/07,1438.87,1267572992
4/12/07,1447.8,1200232448
4/13/07,1452.85,1215198464
4/16/07,1468.47,1240861440
4/17/07,1471.48,1305656960
4/18/07,1472.5,1392523776
4/19/07,1470.73,1390809472
4/20/07,1484.35,1772318080
4/23/07,1480.93,1218048896
4/24/07,1480.41,1424546944
4/25/07,1495.42,1550099584
4/26/07,1494.25,1460443520
4/27/07,1494.07,1268521472
4/30/07,1482.37,1347457920
5/1/07,1486.3,1458601344
5/2/07,1495.92,1285279488
5/3/07,1502.39,1262831360
5/4/07,1505.62,1293128832
5/7/07,1509.48,1008960512
5/8/07,1507.72,1184240128
5/9/07,1512.58,1288890880
5/10/07,1491.47,1254336256
5/11/07,1505.85,1116669952
5/14/07,1503.15,1151081984
5/15/07,1501.19,1364063744
5/16/07,1514.14,1256084736
5/17/07,1512.75,1177887872
5/18/07,1522.75,1390755200
5/21/07,1525.1,1234475776
5/22/07,1524.12,1126240896
5/23/07,1522.28,1256097664
5/24/07,1507.51,1468367232
5/25/07,1515.73,978449664
5/29/07,1518.11,1163513344
5/30/07,1530.23,1268898560
5/31/07,1530.62,1472394496
6/1/07,1536.34,1159451264
6/4/07,1539.18,1126562688
6/5/07,1530.95,1353011456
6/6/07,1517.38,1272450176
6/7/07,1490.72,1602365440
6/8/07,1507.67,1318187392
6/11/07,1509.12,1073585664
6/12/07,1493,1317101568
6/13/07,1515.67,1333209216
6/14/07,1522.97,1181561728
6/15/07,1532.91,1786496384
6/18/07,1531.05,989222080
6/19/07,1533.7,1181299840
6/20/07,1512.84,1343731456
6/21/07,1522.19,1347575680
6/22/07,1502.56,1918999040
6/25/07,1497.74,1380794624
6/26/07,1492.89,1382939648
6/27/07,1506.34,1400891904
6/28/07,1505.71,1230966272
6/29/07,1503.35,1415209088
7/2/07,1519.43,1088567680
7/3/07,1524.87,615430656
7/5/07,1525.4,1151402880
7/6/07,1530.44,997798272
7/9/07,1531.85,1125318016
7/10/07,1510.12,1426227072
7/11/07,1518.76,1248590976
7/12/07,1547.7,1451477632
7/13/07,1552.5,1089589760
7/16/07,1549.52,1074972800
7/17/07,1549.37,1277286912
7/18/07,1546.17,1502608640
7/19/07,1553.08,1350525696
7/20/07,1534.1,1744999808
7/23/07,1541.57,1244227840
7/24/07,1511.04,1647209344
7/25/07,1518.09,1625028096
7/26/07,1482.66,2265610752
7/27/07,1458.95,1832254080
7/30/07,1473.91,1640144512
7/31/07,1455.27,1802135168
8/1/07,1465.81,1965070208
8/2/07,1472.2,1540813696
8/3/07,1433.06,1721582208
8/6/07,1467.67,1789732992
8/7/07,1476.71,1770747648
8/8/07,1497.49,1948093696
8/9/07,1453.09,2113846144
8/10/07,1453.64,1956995072
8/13/07,1452.92,1356952704
8/14/07,1426.54,1441350272
8/15/07,1406.7,1597286272
8/16/07,1411.27,2400724736
8/17/07,1445.94,2065775616
8/20/07,1445.55,1229545600
8/21/07,1447.12,1132879232
8/22/07,1464.07,1175615616
8/23/07,1462.5,1125466368
8/24/07,1479.37,977209280
8/27/07,1466.79,880337344
8/28/07,1432.36,1189517952
8/29/07,1463.76,1150640512
8/30/07,1457.64,1100502912
8/31/07,1473.99,1183675264
9/4/07,1489.42,1200594560
9/5/07,1472.29,1190077568
9/6/07,1478.55,1074538880
9/7/07,1453.55,1250999296
9/10/07,1451.7,1127766784
9/11/07,1471.49,1099105152
9/12/07,1471.56,1113265152
9/13/07,1483.95,1073258176
9/14/07,1484.25,1030957120
9/17/07,1476.65,911182208
9/18/07,1519.78,1405300352
9/19/07,1529.03,1396872960
9/20/07,1518.75,1071945728
9/21/07,1525.75,1909970688
9/24/07,1517.73,1166777216
9/25/07,1517.21,1128411520
9/26/07,1525.42,1118619008
9/27/07,1531.38,926820416
9/28/07,1526.75,1039110464
10/1/07,1547.04,1121305472
10/2/07,1546.63,975000576
10/3/07,1539.59,1000574976
10/4/07,1542.84,843706688
10/5/07,1557.59,990038784
10/8/07,1552.58,712288960
10/9/07,1565.15,983866304
10/10/07,1562.47,912662272
10/11/07,1554.41,1253097472
10/12/07,1561.8,911478656
10/15/07,1548.71,1078710784
10/16/07,1538.53,1126646912
10/17/07,1541.24,1280352384
10/18/07,1540.08,1089166464
10/19/07,1500.63,1612520320
10/22/07,1506.33,1135186048
10/23/07,1519.59,1129573504
10/24/07,1515.88,1415894400
10/25/07,1514.4,1451577600
10/26/07,1535.28,1264691584
10/29/07,1540.98,1020639424
10/30/07,1531.02,981802240
10/31/07,1549.38,1307056640
11/1/07,1508.44,1412072576
11/2/07,1509.65,1389288960
11/5/07,1502.17,1235943424
11/6/07,1520.27,1271861760
11/7/07,1475.62,1414578432
11/8/07,1474.77,1906361984
11/9/07,1453.7,1615147520
11/12/07,1439.18,1504305920
11/13/07,1481.05,1472245120
11/14/07,1470.58,1386122880
11/15/07,1451.15,1269731712
11/16/07,1458.74,1555153664
11/19/07,1433.27,1391267840
11/20/07,1439.7,1601275904
11/21/07,1416.77,1358867584
11/23/07,1440.7,570567680
11/26/07,1407.22,1275270144
11/27/07,1428.23,1423707264
11/28/07,1469.02,1480160768
11/29/07,1469.72,1154742272
11/30/07,1481.14,1619150720
12/3/07,1472.42,1101825792
12/4/07,1462.79,1077876992
12/5/07,1485.01,1264707072
12/6/07,1507.34,1087970176
12/7/07,1504.66,955408256
12/10/07,1515.96,962474048
12/11/07,1477.65,1338771840
12/12/07,1486.59,1502249472
12/13/07,1488.41,1246554368
12/14/07,1467.95,1117950976
12/17/07,1445.9,1178350848
12/18/07,1454.98,1199315328
12/19/07,1453,1112488832
12/20/07,1460.12,1089180416
12/21/07,1484.46,1926151936
12/24/07,1496.45,409761696
12/26/07,1497.66,616624256
12/27/07,1476.37,741128064
12/28/07,1478.49,771290880
12/31/07,1468.36,841180672
1/2/08,1447.16,1235905408
1/3/08,1447.16,1082980736
1/4/08,1411.63,1455021184
1/7/08,1416.18,1495428480
1/8/08,1390.19,1644454400
1/9/08,1409.13,1781005440
1/10/08,1420.33,1761494272
1/11/08,1401.02,1572519808
1/14/08,1416.25,1251202560
1/15/08,1380.95,1593938560
1/16/08,1373.2,1983861760
1/17/08,1333.25,1932349312
1/18/08,1325.19,2225542912
1/22/08,1310.5,2338892800
1/23/08,1338.6,2538144512
1/24/08,1352.07,1929731200
1/25/08,1330.61,1743535360
1/28/08,1353.97,1358699136
1/29/08,1362.3,1355709184
1/30/08,1355.81,1614983808
1/31/08,1378.55,1945337600
2/1/08,1395.42,1796928640
2/4/08,1380.82,1215656320
2/5/08,1336.64,1513488768
2/6/08,1326.45,1443227904
2/7/08,1336.91,1660623616
2/8/08,1331.29,1315245696
2/11/08,1339.13,1238631296
2/12/08,1348.86,1291003008
2/13/08,1367.21,1226689536
2/14/08,1348.86,1198383744
2/15/08,1349.99,1304656384
2/19/08,1348.78,1177812608
2/20/08,1360.03,1255485824
2/21/08,1342.53,1234926592
2/22/08,1353.11,1263986560
2/25/08,1371.8,1314580992
2/26/08,1381.29,1311205632
2/27/08,1380.02,1230567936
2/28/08,1367.68,1218105728
2/29/08,1330.63,1579300352
3/3/08,1331.34,1291350400
3/4/08,1326.75,1587478784
3/5/08,1333.7,1423138048
3/6/08,1304.34,1365927936
3/7/08,1293.37,1486845184
3/10/08,1273.37,1357695360
3/11/08,1320.65,1674079360
3/12/08,1308.77,1313585152
3/13/08,1315.48,1602619776
3/14/08,1288.14,1721345664
3/17/08,1276.6,1766095616
3/18/08,1330.74,1716933888
3/19/08,1298.42,1587562752
3/20/08,1329.51,2150245632
3/24/08,1349.88,1283697792
3/25/08,1352.99,1199199616
3/26/08,1341.13,1204374272
3/27/08,1325.76,1223716096
3/28/08,1315.22,1128287872
3/31/08,1322.7,1275775104
4/1/08,1370.18,1415431680
4/2/08,1367.53,1183294720
4/3/08,1369.31,1019521088
4/4/08,1370.4,1017619456
4/7/08,1372.54,1029641408
4/8/08,1365.54,1005739520
4/9/08,1354.49,1025940224
4/10/08,1360.55,1141092224
4/11/08,1332.83,1116759296
4/14/08,1328.32,952829696
4/15/08,1334.43,1017445440
4/16/08,1364.71,1228374016
4/17/08,1365.56,1021520960
4/18/08,1390.33,1339060352
4/21/08,1388.17,956492608
4/22/08,1375.94,1076602624
4/23/08,1379.93,1190911104
4/24/08,1388.82,1271788544
4/25/08,1397.84,1094094976
4/28/08,1396.37,997212736
4/29/08,1390.94,1011843968
4/30/08,1385.59,1229200512
5/1/08,1409.34,1219274240
5/2/08,1413.9,1098191488
5/5/08,1407.49,1028082368
5/6/08,1418.26,1092318592
5/7/08,1392.57,1102526464
5/8/08,1397.68,997931136
5/9/08,1388.28,869205056
5/12/08,1403.58,861784448
5/13/08,1403.04,1044678784
5/14/08,1408.66,1028188928
5/15/08,1423.57,1044330304
5/16/08,1425.35,1187106560
5/19/08,1426.63,973993344
5/20/08,1413.4,1074496768
5/21/08,1390.71,1162576128
5/22/08,1394.35,988584128
5/23/08,1375.93,938983168
5/27/08,1385.35,942632832
5/28/08,1390.84,994554112
5/29/08,1398.26,993712320
5/30/08,1400.38,1103851136
6/2/08,1385.67,979897280
6/3/08,1377.65,1151686784
6/4/08,1377.2,1130632960
6/5/08,1404.05,1072831424
6/6/08,1360.68,1345098624
6/9/08,1361.76,1197165824
6/10/08,1358.44,1148891648
6/11/08,1335.49,1198324096
6/12/08,1339.87,1247593728
6/13/08,1360.03,1166753536
6/16/08,1360.14,1012645952
6/17/08,1350.93,920463424
6/18/08,1337.81,1143782272
6/19/08,1342.83,1142667648
6/20/08,1317.93,1773042816
6/23/08,1318,933994112
6/24/08,1314.29,1168815872
6/25/08,1321.97,1193709440
6/26/08,1283.15,1345713536
6/27/08,1278.38,1533372288
6/30/08,1280,1344891776
7/1/08,1284.91,1444339968
7/2/08,1261.52,1258079616
7/3/08,1262.9,770728320
7/7/08,1252.31,1327615232
7/8/08,1273.7,1439367680
7/9/08,1244.69,1290779904
7/10/08,1253.39,1318569600
7/11/08,1239.49,1503352960
7/14/08,1228.3,1207123200
7/15/08,1214.91,1673262720
7/16/08,1245.36,1472663680
7/17/08,1260.32,1674527104
7/18/08,1260.68,1604536448
7/21/08,1260,1052469568
7/22/08,1277,1371435648
7/23/08,1282.19,1453300992
7/24/08,1252.54,1395358208
7/25/08,1257.76,1075795584
7/28/08,1234.37,1026804224
7/29/08,1263.2,1159311488
7/30/08,1284.26,1190228096
7/31/08,1267.38,1232448512
8/1/08,1260.31,1041059968
8/4/08,1249.01,956078912
8/5/08,1284.88,1168435712
8/6/08,1289.19,1044765504
8/7/08,1266.07,1123037184
8/8/08,1296.32,1047552960
8/11/08,1305.32,1000666816
8/12/08,1289.59,931350208
8/13/08,1285.83,974969856
8/14/08,1292.93,840409088
8/15/08,1298.2,1023609664
8/18/08,1278.6,818736512
8/19/08,1266.69,845163008
8/20/08,1274.54,852281152
8/21/08,1277.72,737683264
8/22/08,1292.2,729191808
8/25/08,1266.84,740746624
8/26/08,1271.51,673747584
8/27/08,1281.66,669252608
8/28/08,1300.68,780098176
8/29/08,1282.83,864148160
9/2/08,1277.58,976838208
9/3/08,1274.98,995633984
9/4/08,1236.83,1165336576
9/5/08,1242.31,1056831168
9/8/08,1267.79,1536705792
9/9/08,1224.51,1461409920
9/10/08,1232.04,1307633408
9/11/08,1249.05,1254512000
9/12/08,1251.7,1110488832
9/15/08,1192.7,1727072256
9/16/08,1213.59,1949401984
9/17/08,1156.39,1866829312
9/18/08,1206.51,2122315904
9/19/08,1255.08,2588979968
9/22/08,1207.09,1208497152
9/23/08,1188.22,1098121984
9/24/08,1185.87,1123258880
9/25/08,1209.18,1394138880
9/26/08,1213.01,1123652352
9/29/08,1106.39,2669501440
9/30/08,1166.36,1435328128
10/1/08,1161.06,1213168768
10/2/08,1114.28,1340843776
10/3/08,1099.23,1289272832
10/6/08,1056.89,1730994432
10/7/08,996.23,1587173888
10/8/08,984.94,1935639680
10/9/08,909.92,1870500224
10/10/08,899.22,2711070464
10/13/08,1003.35,1602868096
10/14/08,998.01,1724876416
10/15/08,907.84,1566732928
10/16/08,946.43,1874552064
10/17/08,940.55,1606778240
10/20/08,985.4,1107854080
10/21/08,955.05,1085563520
10/22/08,896.78,1499838848
10/23/08,908.11,1562867584
10/24/08,876.77,1499321088
10/27/08,848.92,1212268032
10/28/08,940.51,1608905344
10/29/08,930.09,1449901696
10/30/08,954.09,1288848640
10/31/08,968.75,1432050688
11/3/08,966.3,876695360
11/4/08,1005.75,1167850496
11/5/08,952.77,1179205120
11/6/08,904.88,1441221632
11/7/08,930.99,1133208320
11/10/08,919.21,1013465984
11/11/08,898.95,1074138112
11/12/08,852.3,1303495040
11/13/08,911.29,1863395968
11/14/08,873.29,1301018496
11/17/08,850.75,1153277440
11/18/08,859.12,1456286336
11/19/08,806.58,1484241152
11/20/08,752.44,2022876416
11/21/08,800.03,2109752576
11/24/08,851.81,1769567744
11/25/08,857.39,1550100224
11/26/08,887.68,1142586496
11/28/08,896.24,611338176
12/1/08,816.21,1340409984
12/2/08,848.81,1320162560
12/3/08,870.74,1344321920
12/4/08,845.22,1267856768
12/5/08,876.07,1413841408
12/8/08,909.7,1462091264
12/9/08,888.67,1251138944
12/10/08,899.24,1067234560
12/11/08,873.59,1182417664
12/12/08,879.73,1174632064
12/15/08,868.57,985678976
12/16/08,913.18,1319279360
12/17/08,904.42,1099929472
12/18/08,885.28,1181366272
12/19/08,887.88,2087318400
12/22/08,871.63,953827328
12/23/08,863.16,761317184
12/24/08,868.15,295561856
12/26/08,872.8,374272096
12/29/08,869.42,676565952
12/30/08,890.64,717572608
12/31/08,903.25,1010761024
1/2/09,931.8,869505536
1/5/09,927.45,1050649472
1/6/09,934.7,1080029568
1/7/09,906.65,1086024960
1/8/09,909.73,1014764928
1/9/09,890.35,992583040
1/12/09,870.26,1072145152
1/13/09,871.79,1191585152
1/14/09,842.62,1255624320
1/15/09,843.74,1494092288
1/16/09,850.12,1535860608
1/20/09,805.22,1503896448
1/21/09,840.24,1518196096
1/22/09,827.5,1476960128
1/23/09,831.95,1322731392
1/26/09,836.57,1161514240
1/27/09,845.71,1055064512
1/28/09,874.09,1378814336
1/29/09,845.14,1275456896
1/30/09,825.88,1364074368
2/2/09,825.44,1217063040
2/3/09,838.51,1256948608
2/4/09,832.23,1286424064
2/5/09,845.85,1526517632
2/6/09,868.6,1398180352
2/9/09,869.89,1118605824
2/10/09,827.16,1636406784
2/11/09,833.74,1164000128
2/12/09,835.19,1337853568
2/13/09,826.84,1054364224
2/17/09,789.17,1390224896
2/18/09,788.42,1227987968
2/19/09,778.94,1307362560
2/20/09,770.05,1900729344
2/23/09,743.33,1414032128
2/24/09,773.14,1626748544
2/25/09,764.9,1664718080
2/26/09,752.83,1359355776
2/27/09,735.09,2002029696
3/2/09,700.82,1695383936
3/3/09,696.33,1635332864
3/4/09,712.87,1593371008
3/5/09,682.55,1686517504
3/6/09,683.38,1603429120
3/9/09,676.53,1363557376
3/10/09,719.6,1914481408
3/11/09,721.36,1549871744
3/12/09,750.74,1546953728
3/13/09,756.55,1441451136
3/16/09,753.89,1658266496
3/17/09,778.12,1312524160
3/18/09,794.35,1884770048
3/19/09,784.04,1688439680
3/20/09,768.54,2272174080
3/23/09,822.92,1639745536
3/24/09,806.12,1330429568
3/25/09,813.88,1536369280
3/26/09,832.86,1522704512
3/27/09,815.94,1177612416
3/30/09,787.53,1296681984
3/31/09,797.87,1427145856
4/1/09,811.08,1326005120
4/2/09,834.38,1620003584
4/3/09,842.5,1263482112
4/6/09,835.48,1082299904
4/7/09,815.55,1073911168
4/8/09,825.16,1163715712
4/9/09,856.56,1531040256
4/13/09,858.73,1270832512
4/14/09,841.5,1515307776
4/15/09,852.06,1285685504
4/16/09,865.3,1320720896
4/17/09,869.6,1753797376
4/20/09,832.39,1683230848
4/21/09,850.08,1504931712
4/22/09,843.55,1566996480
4/23/09,851.92,1377647104
4/24/09,866.23,1509113472
4/27/09,857.51,1162904192
4/28/09,855.16,1058001792
4/29/09,873.64,1205310720
4/30/09,872.81,1482669952
5/1/09,877.52,1039996672
5/4/09,907.24,1395038336
5/5/09,903.8,1220200704
5/6/09,919.53,1532284928
5/7/09,907.39,1717737472
5/8/09,929.23,1669584640
5/11/09,909.24,1295986176
5/12/09,908.35,1360212992
5/13/09,883.92,1432196224
5/14/09,893.07,1227004416
5/15/09,882.88,1232332544
5/18/09,909.71,1144298240
5/19/09,908.13,1071500992
5/20/09,903.47,1342873344
5/21/09,888.33,1246687104
5/22/09,887,857902464
5/26/09,910.33,1169110400
5/27/09,893.06,1122825728
5/28/09,906.83,1103703936
5/29/09,919.14,1483415296
6/1/09,942.87,1275464192
6/2/09,944.74,1130938240
6/3/09,931.76,1099158144
6/4/09,942.46,1160934784
6/5/09,940.09,1063196160
6/8/09,939.14,894695744
6/9/09,942.43,886061824
6/10/09,939.15,988223936
6/11/09,944.89,1041939008
6/12/09,946.21,762837248
6/15/09,923.72,961852224
6/16/09,911.97,992777152
6/17/09,910.71,1109047424
6/18/09,918.37,932707200
6/19/09,921.23,2050889856
6/22/09,893.04,1192790400
6/23/09,895.1,1021119296
6/24/09,900.94,930844352
6/25/09,920.26,1049443904
6/26/09,918.9,1404319104
6/29/09,927.23,874243456
6/30/09,919.32,1128099968
7/1/09,923.33,820306944
7/2/09,896.42,722258240
7/6/09,898.72,972380352
7/7/09,881.03,982781568
7/8/09,879.56,1297485056
7/9/09,882.68,892244672
7/10/09,879.13,814353856
7/13/09,901.05,1078994432
7/14/09,905.84,889590336
7/15/09,932.68,1265414016
7/16/09,940.74,1066142208
7/17/09,940.38,1216419456
7/20/09,951.13,984365632
7/21/09,954.58,1065558208
7/22/09,954.07,1017244096
7/23/09,976.29,1273330176
7/24/09,979.26,927055552
7/27/09,982.18,916680640
7/28/09,979.62,1055970432
7/29/09,975.15,1107494656
7/30/09,986.75,1228697600
7/31/09,987.48,1364114432
8/3/09,1002.63,1017752128
8/4/09,1005.65,1050617280
8/5/09,1002.72,1666549632
8/6/09,997.08,1158699648
8/7/09,1010.48,1209582976
8/10/09,1007.1,879406208
8/11/09,994.35,950457664
8/12/09,1005.81,1027454592
8/13/09,1012.73,742985728
8/14/09,1004.09,941985984
8/17/09,979.73,1031207680
8/18/09,989.67,828130368
8/19/09,996.46,869033728
8/20/09,1007.37,888273664
8/21/09,1026.13,1296527616
8/24/09,1025.57,960663616
8/25/09,1028,919650944
8/26/09,1028.12,830129216
8/27/09,1030.98,936315648
8/28/09,1028.93,1064572160
8/31/09,1020.62,1107516928
9/1/09,998.04,1370668544
9/2/09,994.75,1070193600
9/3/09,1003.24,976773760
9/4/09,1016.4,816904192
9/8/09,1025.39,1077373056
9/9/09,1033.37,1036645504
9/10/09,1044.14,1307562624
9/11/09,1042.73,1048360448
9/14/09,1049.34,1047597184
9/15/09,1052.63,1284757120
9/16/09,1068.76,1340537984
9/17/09,1065.49,1245602176
9/18/09,1068.3,2057468160
9/21/09,1064.66,1017057664
9/22/09,1071.66,1062708288
9/23/09,1060.87,1112856192
9/24/09,1050.78,1085549440
9/25/09,1044.38,974266880
9/28/09,1062.98,808618880
9/29/09,1060.61,915422720
9/30/09,1057.08,1521226496
10/1/09,1029.85,1361260928
10/2/09,1025.21,1145478144
10/5/09,1040.46,930102912
10/6/09,1054.72,1048569216
10/7/09,1057.58,896630336
10/8/09,1065.48,1040967168
10/9/09,1071.49,826018688
10/12/09,1076.19,805568704
10/13/09,1073.19,981625152
10/14/09,1092.02,1165795584
10/15/09,1096.56,1161174912
10/16/09,1087.68,1246047872
10/19/09,1097.91,890740800
10/20/09,1091.06,1036453568
10/21/09,1081.4,1215614848
10/22/09,1092.91,1148507136
10/23/09,1079.6,1152137984
10/26/09,1066.95,1195352576
10/27/09,1063.41,1159962624
10/28/09,1042.63,1345096320
10/29/09,1066.11,1181582464
10/30/09,1036.19,1383693184
11/2/09,1042.88,1226146560
11/3/09,1045.41,1135165184
11/4/09,1046.5,1091683456
11/5/09,1066.63,1070188480
11/6/09,1069.3,900060096
11/9/09,1093.08,1042044864
11/10/09,1093.01,905648768
11/11/09,1098.51,857497856
11/12/09,1087.24,874070656
11/13/09,1093.48,811154496
11/16/09,1109.3,965469952
11/17/09,1110.32,791440448
11/18/09,1109.8,878627968
11/19/09,1094.9,972201472
11/20/09,1091.38,1051591872
11/23/09,1106.24,823985152
11/24/09,1105.65,800952064
11/25/09,1110.63,634005120
11/27/09,1091.49,551489408
11/30/09,1095.63,1076264192
12/1/09,1108.86,927180864
12/2/09,1109.24,826777152
12/3/09,1099.92,976393600
12/4/09,1105.98,1326190848
12/7/09,1103.25,889871296
12/8/09,1091.94,985716544
12/9/09,1095.95,898626752
12/10/09,1102.35,893887744
12/11/09,1106.41,806473280
12/14/09,1114.11,898328960
12/15/09,1107.93,997663040
12/16/09,1109.18,1023580928
12/17/09,1096.08,1542894720
12/18/09,1102.47,2758025984
12/21/09,1114.05,834412736
12/22/09,1118.02,734781120
12/23/09,1120.59,615461952
12/24/09,1126.48,258246672
12/28/09,1127.78,553308928
12/29/09,1126.2,479079008
12/30/09,1126.42,499677664
12/31/09,1115.1,546385152
1/4/10,1132.99,820241408
1/5/10,1136.52,974392128
1/6/10,1137.14,915386624
1/7/10,1141.69,1046752704
1/8/10,1144.98,861205824
1/11/10,1146.98,800659072
1/12/10,1136.22,955995328
1/13/10,1145.68,843363840
1/14/10,1148.46,825781056
1/15/10,1136.03,1365523456
1/19/10,1150.23,903436160
1/20/10,1138.04,941377920
1/21/10,1116.48,1367236096
1/22/10,1091.76,1356983808
1/25/10,1096.78,954298048
1/26/10,1092.17,1046748544
1/27/10,1097.5,1183793920
1/28/10,1084.53,1118686592
1/29/10,1073.87,1494524672
2/1/10,1089.19,922765888
2/2/10,1103.32,1049221120
2/3/10,1097.28,970571200
2/4/10,1063.11,1331675904
2/5/10,1066.19,1367042304
2/8/10,1056.74,979804096
2/9/10,1070.52,1066723776
2/10/10,1068.13,886968576
2/11/10,1078.47,929507776
2/12/10,1075.51,1172220288
2/16/10,1094.87,945259648
2/17/10,1099.51,892725312
2/18/10,1106.75,828043008
2/19/10,1109.17,1055968768
2/22/10,1108.01,834775232
2/23/10,1094.6,913133440
2/24/10,1105.24,872927936
2/25/10,1102.94,982649600
2/26/10,1104.49,1036997312
3/1/10,1115.71,835401728
3/2/10,1118.31,938340160
3/3/10,1118.79,831691456
3/4/10,1122.97,816981184
3/5/10,1138.7,867776448
3/8/10,1138.5,766191488
3/9/10,1140.45,1001332992
3/10/10,1145.61,1005902592
3/11/10,1150.24,851360320
3/12/10,1149.99,901524096
3/15/10,1150.51,814105664
3/16/10,1159.46,904138304
3/17/10,1166.21,863446464
3/18/10,1165.83,792901440
3/19/10,1159.9,1766249856
3/22/10,1165.81,820227520
3/23/10,1174.17,844323520
3/24/10,1167.72,862556544
3/25/10,1165.73,1022088896
3/26/10,1166.59,854152704
3/29/10,1173.22,771551232
3/30/10,1173.27,757799040
3/31/10,1169.43,947806912
4/1/10,1178.1,777935040
4/5/10,1187.44,705577728
4/6/10,1189.44,760342400
4/7/10,1182.45,944101952
4/8/10,1186.44,864108608
4/9/10,1194.37,758793792
4/12/10,1196.48,724465536
4/13/10,1197.3,828915264
4/14/10,1210.65,1010360896
4/15/10,1211.67,999395648
4/16/10,1192.13,1584944256
4/19/10,1197.52,1056539584
4/20/10,1207.17,948011520
4/21/10,1205.94,1070440960
4/22/10,1208.67,1149798528
4/23/10,1217.28,1052040256
4/26/10,1212.05,1016237120
4/27/10,1183.71,1366175616
4/28/10,1191.36,1236722560
4/29/10,1206.78,1114110976
4/30/10,1186.69,1284904832