2009-01-02,902.98999,934.72998,899.349976,931.799988,4048270000,931.799988,-0.20322
2009-01-05,929.169983,936.630005,919.530029,927.450012,5413910000,927.450012,-0.203218935
2009-01-06,931.169983,943.849976,927.280029,934.700012,5392620000,934.700012,0.338173709
2009-01-07,927.450012,927.450012,902.369995,906.650024,4704940000,906.650024,-1.323257088
2009-01-08,905.72998,910,896.809998,909.72998,4991550000,909.72998,0.147282967
2009-01-09,909.909973,911.929993,888.309998,890.349976,4716500000,890.349976,-0.935175572
2009-01-12,890.400024,890.400024,864.320007,870.26001,4725050000,870.26001,-0.991172395
2009-01-13,869.789978,877.02002,862.02002,871.789978,5567460000,871.789978,0.076284474
2009-01-14,867.280029,867.280029,836.929993,842.619995,5407880000,842.619995,-1.478011158
2009-01-15,841.98999,851.590027,817.039978,843.73999,7807350400,843.73999,0.057687294
2009-01-16,844.450012,858.130005,830.659973,850.119995,6786040000,850.119995,0.327159753
2009-01-20,849.640015,849.640015,804.469971,805.219971,6375230000,805.219971,-2.356569331
2009-01-21,806.77002,841.719971,804.299988,840.23999,6467830000,840.23999,1.848880962
2009-01-22,839.73999,839.73999,811.289978,827.5,5843830000,827.5,-0.663534486
2009-01-23,822.159973,838.609985,806.070007,831.950012,5832160000,831.950012,0.232922989
2009-01-26,832.5,852.530029,827.690002,836.570007,6039940000,836.570007,0.24050577
2009-01-27,837.299988,850.450012,835.400024,845.710022,5353260000,845.710022,0.471918714
2009-01-28,845.72998,877.859985,845.72998,874.090027,6199180000,874.090027,1.433468796
2009-01-29,868.890015,868.890015,844.150024,845.140015,5067060000,845.140015,-1.462750033
2009-01-30,845.690002,851.659973,821.669983,825.880005,5350580000,825.880005,-1.001171308
2009-02-02,823.090027,830.780029,812.869995,825.440002,5673270000,825.440002,-0.023144016
2009-02-03,825.690002,842.599976,821.97998,838.51001,5886310000,838.51001,0.682273993
2009-02-04,837.77002,851.849976,829.179993,832.22998,6420450000,832.22998,-0.326489488
2009-02-05,831.75,850.549988,819.909973,845.849976,6624030000,845.849976,0.704998469
2009-02-06,846.090027,870.75,845.419983,868.599976,6484100000,868.599976,1.15264717
2009-02-09,868.23999,875.01001,861.650024,869.890015,5574370000,869.890015,0.064453281
2009-02-10,866.869995,868.049988,822.98999,827.159973,6770169600,827.159973,-2.187483547
2009-02-11,827.409973,838.219971,822.299988,833.73999,5926460000,833.73999,0.344112239
2009-02-12,829.909973,835.47998,808.059998,835.190002,6476460000,835.190002,0.075465403
2009-02-13,833.950012,839.429993,825.210022,826.840027,5296650000,826.840027,-0.436379429
2009-02-17,818.609985,818.609985,789.169983,789.169983,5907820000,789.169983,-2.025093449
2009-02-18,791.059998,796.169983,780.429993,788.419983,5740710000,788.419983,-0.041293478
2009-02-19,787.909973,797.580017,777.030029,778.940002,5746940000,778.940002,-0.525361587
2009-02-20,775.869995,778.690002,754.25,770.049988,8210590400,770.049988,-0.498508892
2009-02-23,773.25,777.849976,742.369995,743.330017,6509300000,743.330017,-1.533724768
2009-02-24,744.690002,775.48999,744.690002,773.140015,7234489600,773.140015,1.707648066
2009-02-25,770.640015,780.119995,752.890015,764.900024,7483640000,764.900024,-0.465347685
2009-02-26,765.76001,779.419983,751.75,752.830017,7599969600,752.830017,-0.69077475
2009-02-27,749.929993,751.27002,734.52002,735.090027,8926480000,735.090027,-1.035639635
2009-03-02,729.570007,729.570007,699.700012,700.820007,7868289600,700.820007,-2.073403913
2009-03-03,704.440002,711.669983,692.299988,696.330017,7583230400,696.330017,-0.279137467
2009-03-04,698.599976,724.119995,698.599976,712.869995,7673620000,712.869995,1.019521856
2009-03-05,708.27002,708.27002,677.929993,682.549988,7507249600,682.549988,-1.88758721
2009-03-06,684.039978,699.090027,666.789978,683.380005,7331830400,683.380005,0.052780428
2009-03-09,680.76001,695.27002,672.880005,676.530029,7277320000,676.530029,-0.437518933
2009-03-10,679.280029,719.599976,679.280029,719.599976,8618329600,719.599976,2.680406189
2009-03-11,719.590027,731.919983,713.849976,721.359985,7287809600,721.359985,0.106090745
2009-03-12,720.890015,752.630005,714.76001,750.73999,7326630400,750.73999,1.73375026
2009-03-13,751.969971,758.289978,742.460022,756.549988,6787089600,756.549988,0.334807848
2009-03-16,758.840027,774.530029,753.369995,753.890015,7883540000,753.890015,-0.152963744
2009-03-17,753.880005,778.119995,749.929993,778.119995,6156800000,778.119995,1.373858405
2009-03-18,776.01001,803.039978,765.640015,794.349976,9098449600,794.349976,0.896531143
2009-03-19,797.919983,803.23999,781.820007,784.039978,9033870400,784.039978,-0.567367894
2009-03-20,784.580017,788.909973,766.200012,768.539978,7643720000,768.539978,-0.867174421
2009-03-23,772.309998,823.369995,772.309998,822.919983,7715769600,822.919983,2.969114484
2009-03-24,820.599976,823.650024,805.47998,806.119995,6767980000,806.119995,-0.895791492
2009-03-25,806.809998,826.780029,791.369995,813.880005,7687180000,813.880005,0.416068555
2009-03-26,814.059998,832.97998,814.059998,832.859985,6992960000,832.859985,1.00116177
2009-03-27,828.679993,828.679993,813.429993,815.940002,5600210000,815.940002,-0.891377155
2009-03-30,809.070007,809.070007,779.809998,787.530029,5912660000,787.530029,-1.539110254
2009-03-31,790.880005,810.47998,790.880005,797.869995,6089100000,797.869995,0.566501045
2009-04-01,793.590027,813.619995,783.320007,811.080017,6034140000,811.080017,0.713156846
2009-04-02,814.530029,845.609985,814.530029,834.380005,7542809600,834.380005,1.230018656
2009-04-03,835.130005,842.5,826.700012,842.5,5855640000,842.5,0.420602139
2009-04-06,839.75,839.75,822.789978,835.47998,6210000000,835.47998,-0.363386187
2009-04-07,834.119995,834.119995,814.530029,815.549988,5155580000,815.549988,-1.0485462
2009-04-08,816.76001,828.419983,814.840027,825.159973,5938460000,825.159973,0.508756731
2009-04-09,829.289978,856.909973,829.289978,856.559998,7600710400,856.559998,1.621963567
2009-04-13,855.330017,864.309998,845.349976,858.72998,6434890000,858.72998,0.109883661
2009-04-14,856.880005,856.880005,840.25,841.5,7569840000,841.5,-0.880250495
2009-04-15,839.440002,852.929993,835.580017,852.059998,6241100000,852.059998,0.541605648
2009-04-16,854.539978,870.349976,847.039978,865.299988,6598670000,865.299988,0.66965209
2009-04-17,865.179993,875.630005,860.869995,869.599976,7352009600,869.599976,0.21528214
2009-04-20,868.27002,868.27002,832.390015,832.390015,6973960000,832.390015,-1.899265714
2009-04-21,831.25,850.090027,826.830017,850.080017,7436489600,850.080017,0.913294529
2009-04-22,847.26001,861.780029,840.570007,843.549988,7327860000,843.549988,-0.334898367
2009-04-23,844.619995,852.869995,835.450012,851.919983,6563100000,851.919983,0.428798178
2009-04-24,853.909973,871.799988,853.909973,866.22998,7114440000,866.22998,0.723440511
2009-04-27,862.820007,868.830017,854.650024,857.51001,5613460000,857.51001,-0.439401207
2009-04-28,854.47998,864.47998,847.119995,855.159973,6328000000,855.159973,-0.119183351
2009-04-29,856.849976,882.059998,856.849976,873.640015,6101620000,873.640015,0.928515275
2009-04-30,876.590027,888.700012,868.51001,872.809998,6862540000,872.809998,-0.041280521
2009-05-01,872.73999,880.47998,866.099976,877.52002,5312170000,877.52002,0.233732094
2009-05-04,879.210022,907.849976,879.210022,907.23999,7038840000,907.23999,1.446515175
2009-05-05,906.099976,907.700012,897.340027,903.799988,6882860000,903.799988,-0.16498539
2009-05-06,903.950012,920.280029,903.950012,919.530029,8555040000,919.530029,0.749358529
2009-05-07,919.580017,929.580017,901.359985,907.390015,9120100000,907.390015,-0.577192058
2009-05-08,909.030029,930.169983,909.030029,929.22998,8163280000,929.22998,1.032921717
2009-05-11,922.98999,922.98999,908.679993,909.23999,6150600000,909.23999,-0.944468459
2009-05-12,910.52002,915.570007,896.460022,908.349976,6871750400,908.349976,-0.042531947
2009-05-13,905.400024,905.400024,882.799988,883.919983,7091820000,883.919983,-1.184025684
2009-05-14,884.23999,898.359985,882.52002,893.070007,6134870000,893.070007,0.447255198
2009-05-15,892.76001,896.969971,878.940002,882.880005,5439720000,882.880005,-0.498382294
2009-05-18,886.070007,910,886.070007,909.710022,5702150000,909.710022,1.300129797
2009-05-19,909.669983,916.390015,905.219971,908.130005,6616270000,908.130005,-0.075495404
2009-05-20,908.619995,924.599976,901.369995,903.469971,8205060000,903.469971,-0.223430287
2009-05-21,900.419983,900.419983,879.609985,888.330017,6019840000,888.330017,-0.733938499
2009-05-22,888.679993,896.650024,883.75,887,5155320000,887,-0.06507175
2009-05-26,887,911.76001,881.460022,910.330017,5667050000,910.330017,1.127524346
2009-05-27,909.950012,913.840027,891.869995,893.059998,5698800000,893.059998,-0.831822643
2009-05-28,892.960022,909.450012,887.599976,906.830017,5738980000,906.830017,0.664525043
2009-05-29,907.02002,920.02002,903.559998,919.140015,6050420000,919.140015,0.585578636
2009-06-01,923.26001,947.77002,923.26001,942.869995,6370440000,942.869995,1.107014174
2009-06-02,942.869995,949.380005,938.460022,944.73999,5987340000,944.73999,0.086048366
2009-06-03,942.51001,942.51001,923.849976,931.76001,5323770000,931.76001,-0.600823192
2009-06-04,932.48999,942.469971,929.320007,942.460022,5352890000,942.460022,0.49588699
2009-06-05,945.669983,951.690002,934.130005,940.090027,5277910000,940.090027,-0.109349156
2009-06-08,938.119995,946.330017,926.440002,939.140015,4483430000,939.140015,-0.043910005
2009-06-09,940.349976,946.919983,936.150024,942.429993,4439950000,942.429993,0.151875374
2009-06-10,942.72998,949.77002,927.969971,939.150024,5379420000,939.150024,-0.151412522
2009-06-11,939.039978,956.22998,939.039978,944.890015,5500840000,944.890015,0.264628573
2009-06-12,943.440002,946.299988,935.659973,946.210022,4528120000,946.210022,0.0606284
2009-06-15,942.450012,942.450012,919.650024,923.719971,4697880000,923.719971,-1.044721041
2009-06-16,925.599976,928,911.599976,911.969971,4951200000,911.969971,-0.555979497
2009-06-17,911.890015,918.440002,903.780029,910.710022,5523650000,910.710022,-0.060042244
2009-06-18,910.859985,921.929993,907.940002,918.369995,4684010000,918.369995,0.363757017
2009-06-19,919.960022,927.090027,915.799988,921.22998,5713390000,921.22998,0.135037695
2009-06-22,918.130005,918.130005,893.039978,893.039978,4903940000,893.039978,-1.349716193
2009-06-23,893.460022,898.690002,888.859985,895.099976,5071020000,895.099976,0.100064445
2009-06-24,896.309998,910.849976,896.309998,900.940002,4636720000,900.940002,0.282432467
2009-06-25,899.450012,921.419983,896.27002,920.26001,4911240000,920.26001,0.921467997
2009-06-26,918.840027,922,913.030029,918.900024,6076660000,918.900024,-0.064228725
2009-06-29,919.859985,927.98999,916.179993,927.22998,4211760000,927.22998,0.39192023
2009-06-30,927.150024,930.01001,912.859985,919.320007,4627570000,919.320007,-0.372075347
2009-07-01,920.820007,931.919983,920.820007,923.330017,3919400000,923.330017,0.189024279
2009-07-02,921.23999,921.23999,896.419983,896.419983,3931000000,896.419983,-1.284542522
2009-07-06,894.27002,898.719971,886.359985,898.719971,4712580000,898.719971,0.111286325
2009-07-07,898.599976,898.599976,879.929993,881.030029,4673300000,881.030029,-0.863368137
2009-07-08,881.900024,886.799988,869.320007,879.559998,5721780000,879.559998,-0.072524153
2009-07-09,881.280029,887.859985,878.450012,882.679993,4347170000,882.679993,0.153781328
2009-07-10,880.030029,883.570007,872.809998,879.130005,3912080000,879.130005,-0.175017997
2009-07-13,879.570007,901.049988,875.320007,901.049988,4499440000,901.049988,1.06957823
2009-07-14,900.77002,905.840027,896.5,905.840027,4149030000,905.840027,0.230262203
2009-07-15,910.150024,933.950012,910.150024,932.679993,5238830000,932.679993,1.268115352
2009-07-16,930.169983,943.960022,927.450012,940.73999,4898640000,940.73999,0.373694511
2009-07-17,940.559998,941.890015,934.650024,940.380005,5141380000,940.380005,-0.016621959
2009-07-20,942.070007,951.619995,940.98999,951.130005,4853150000,951.130005,0.493649616
2009-07-21,951.969971,956.530029,943.219971,954.580017,5309300000,954.580017,0.157245624
2009-07-22,953.400024,959.830017,947.75,954.070007,4634100000,954.070007,-0.023209549
2009-07-23,954.070007,979.419983,953.27002,976.289978,5761650000,976.289978,0.999858794
2009-07-24,972.159973,979.789978,965.950012,979.26001,4458300000,979.26001,0.131918847
2009-07-27,978.630005,982.48999,972.289978,982.179993,4631290000,982.179993,0.129306371
2009-07-28,981.47998,982.349976,969.349976,979.619995,5490350000,979.619995,-0.113344239
2009-07-29,977.659973,977.76001,968.650024,975.150024,5178770000,975.150024,-0.198620513
2009-07-30,976.01001,996.679993,976.01001,986.75,6035180000,986.75,0.513569928
2009-07-31,986.799988,993.179993,982.849976,987.47998,5139070000,987.47998,0.032116451
2009-08-03,990.219971,1003.609985,990.219971,1002.630005,5603440000,1002.630005,0.661239772
2009-08-04,1001.409973,1007.119995,996.679993,1005.650024,5713700000,1005.650024,0.130617101
2009-08-05,1005.409973,1006.640015,994.309998,1002.719971,7242120000,1002.719971,-0.126720351
2009-08-06,1004.059998,1008,992.48999,997.080017,6753380000,997.080017,-0.244965237
2009-08-07,999.830017,1018,999.830017,1010.47998,6827089600,1010.47998,0.579770111
2009-08-10,1008.890015,1010.119995,1000.98999,1007.099976,5406080000,1007.099976,-0.145512792
2009-08-11,1005.77002,1005.77002,992.400024,994.349976,5773160000,994.349976,-0.553331803
2009-08-12,994,1012.780029,993.359985,1005.809998,5498170000,1005.809998,0.497668071
2009-08-13,1005.859985,1013.140015,1000.820007,1012.72998,5250660000,1012.72998,0.297771835
2009-08-14,1012.22998,1012.599976,994.599976,1004.090027,4940750000,1004.090027,-0.372101313
2009-08-17,998.179993,998.179993,978.51001,979.72998,4088570000,979.72998,-1.066625574
2009-08-18,980.619995,991.200012,980.619995,989.669983,4198970000,989.669983,0.43840004
2009-08-19,986.880005,999.609985,980.619995,996.460022,4257000000,996.460022,0.29694813
2009-08-20,996.409973,1008.919983,996.390015,1007.369995,4893160000,1007.369995,0.472913156
2009-08-21,1009.059998,1027.589966,1009.059998,1026.130005,5885550000,1026.130005,0.801337593
2009-08-24,1026.589966,1035.819946,1022.47998,1025.569946,6302450000,1025.569946,-0.023710147
2009-08-25,1026.630005,1037.75,1026.209961,1028,5768740000,1028,0.102782916
2009-08-26,1027.349976,1032.469971,1021.570007,1028.119995,5080060000,1028.119995,0.005069078
2009-08-27,1027.810059,1033.329956,1016.200012,1030.97998,5785880000,1030.97998,0.120642661
2009-08-28,1031.619995,1039.469971,1023.130005,1028.930054,5785780000,1028.930054,-0.086437935
2009-08-31,1025.209961,1025.209961,1014.619995,1020.619995,5004560000,1020.619995,-0.352178035
2009-09-01,1019.52002,1028.449951,996.280029,998.039978,6862360000,998.039978,-0.97161344
2009-09-02,996.070007,1000.340027,991.969971,994.75,5842730000,994.75,-0.143399014
2009-09-03,996.119995,1003.429993,992.25,1003.23999,4624280000,1003.23999,0.369088736
2009-09-04,1003.840027,1016.47998,1001.650024,1016.400024,4097370000,1016.400024,0.565983145
2009-09-08,1018.669983,1026.069946,1018.669983,1025.390015,5235160000,1025.390015,0.382441744
2009-09-09,1025.359985,1036.339966,1023.969971,1033.369995,5202550000,1033.369995,0.336676312
2009-09-10,1032.98999,1044.140015,1028.040039,1044.140015,5191380000,1044.140015,0.450289254
2009-09-11,1043.920044,1048.180054,1038.400024,1042.72998,4922600000,1042.72998,-0.058687941
2009-09-14,1040.150024,1049.73999,1035,1049.339966,4979610000,1049.339966,0.274435375
2009-09-15,1049.030029,1056.040039,1043.420044,1052.630005,6185620000,1052.630005,0.135953127
2009-09-16,1053.98999,1068.76001,1052.869995,1068.76001,6793529600,1068.76001,0.660445002
2009-09-17,1067.869995,1074.77002,1061.199951,1065.48999,6668110000,1065.48999,-0.133082137
2009-09-18,1066.599976,1071.52002,1064.27002,1068.300049,5607970000,1068.300049,0.114387433
2009-09-21,1067.140015,1067.280029,1057.459961,1064.660034,4615280000,1064.660034,-0.148229681
2009-09-22,1066.349976,1073.810059,1066.349976,1071.660034,5246600000,1071.660034,0.284608313
2009-09-23,1072.689941,1080.150024,1060.390015,1060.869995,5531930000,1060.869995,-0.439486837
2009-09-24,1062.560059,1066.290039,1045.849976,1050.780029,5505610000,1050.780029,-0.415035622
2009-09-25,1049.47998,1053.469971,1041.170044,1044.380005,4507090000,1044.380005,-0.265326152
2009-09-28,1045.380005,1065.130005,1045.380005,1062.97998,3726950000,1062.97998,0.766653665
2009-09-29,1063.689941,1069.619995,1057.829956,1060.609985,4949900000,1060.609985,-0.096937374
2009-09-30,1061.02002,1063.400024,1046.469971,1057.079956,5998860000,1057.079956,-0.144787346
2009-10-01,1054.910034,1054.910034,1029.449951,1029.849976,5791450000,1029.849976,-1.133387475
2009-10-02,1029.709961,1030.599976,1019.950012,1025.209961,5583240000,1025.209961,-0.196114605
2009-10-05,1026.869995,1042.579956,1025.920044,1040.459961,4313310000,1040.459961,0.641255518
2009-10-06,1042.02002,1060.550049,1042.02002,1054.719971,5029840000,1054.719971,0.591179706
2009-10-07,1053.650024,1058.02002,1050.099976,1057.579956,4238220000,1057.579956,0.117604176
2009-10-08,1060.030029,1070.670044,1060.030029,1065.47998,4988400000,1065.47998,0.323208272
2009-10-09,1065.280029,1071.51001,1063,1071.48999,3763780000,1071.48999,0.244282428
2009-10-12,1071.630005,1079.459961,1071.630005,1076.189941,3710430000,1076.189941,0.190081028
2009-10-13,1074.959961,1075.300049,1066.709961,1073.189941,4320480000,1073.189941,-0.121233506
2009-10-14,1078.680054,1093.170044,1078.680054,1092.02002,5406420000,1092.02002,0.755400698
2009-10-15,1090.359985,1096.560059,1086.410034,1096.560059,5369780000,1096.560059,0.180182277
2009-10-16,1094.670044,1094.670044,1081.530029,1087.680054,4894740000,1087.680054,-0.353125867
2009-10-19,1088.219971,1100.170044,1086.47998,1097.910034,4619240000,1097.910034,0.406558973
2009-10-20,1098.640015,1098.640015,1086.160034,1091.060059,5396930000,1091.060059,-0.271809657
2009-10-21,1090.359985,1101.359985,1080.77002,1081.400024,5616290000,1081.400024,-0.386228274
2009-10-22,1080.959961,1095.209961,1074.310059,1092.910034,5192410000,1092.910034,0.459803836
2009-10-23,1095.619995,1095.829956,1075.48999,1079.599976,4767460000,1079.599976,-0.5321547
2009-10-26,1080.359985,1091.75,1065.22998,1066.949951,6363380000,1066.949951,-0.511881842
2009-10-27,1067.540039,1072.47998,1060.619995,1063.410034,5337380000,1063.410034,-0.144329395
2009-10-28,1061.51001,1063.26001,1042.189941,1042.630005,6600350000,1042.630005,-0.857053488
2009-10-29,1043.689941,1066.829956,1043.689941,1066.109985,5595040000,1066.109985,0.967179192
2009-10-30,1065.410034,1065.410034,1033.380005,1036.189941,6512420000,1036.189941,-1.236263892
2009-11-02,1036.180054,1052.180054,1029.380005,1042.880005,6202640000,1042.880005,0.279496889
2009-11-03,1040.920044,1046.359985,1033.939941,1045.410034,5487500000,1045.410034,0.105232334
2009-11-04,1047.140015,1061,1045.150024,1046.5,5635510000,1046.5,0.045256847
2009-11-05,1047.300049,1066.650024,1047.300049,1066.630005,4848350000,1066.630005,0.827456383
2009-11-06,1064.949951,1071.47998,1059.319946,1069.300049,4277130000,1069.300049,0.108579022
2009-11-09,1072.310059,1093.189941,1072.310059,1093.079956,4460030000,1093.079956,0.955234392
2009-11-10,1091.859985,1096.420044,1087.400024,1093.01001,4394770000,1093.01001,-0.002779132
2009-11-11,1096.040039,1105.369995,1093.810059,1098.51001,4286700000,1098.51001,0.217987939
2009-11-12,1098.310059,1101.969971,1084.900024,1087.23999,4160250000,1087.23999,-0.447860082
2009-11-13,1087.589966,1097.790039,1085.329956,1093.47998,3792610000,1093.47998,0.248541826
2009-11-16,1094.130005,1113.689941,1094.130005,1109.300049,4565850000,1109.300049,0.623819602
2009-11-17,1109.219971,1110.52002,1102.189941,1110.319946,3824070000,1110.319946,0.039910946
2009-11-18,1109.439941,1111.099976,1102.699951,1109.800049,4293340000,1109.800049,-0.020340198
2009-11-19,1106.439941,1106.439941,1088.400024,1094.900024,4178030000,1094.900024,-0.587027437
2009-11-20,1094.660034,1094.660034,1086.810059,1091.380005,3751230000,1091.380005,-0.139847241
2009-11-23,1094.859985,1112.380005,1094.859985,1106.23999,3827920000,1106.23999,0.587336106
2009-11-24,1105.829956,1107.560059,1097.630005,1105.650024,3700820000,1105.650024,-0.023167425
2009-11-25,1106.48999,1111.180054,1104.75,1110.630005,3036350000,1110.630005,0.19517226
2009-11-27,1105.469971,1105.469971,1083.73999,1091.48999,2362910000,1091.48999,-0.754964511
2009-11-30,1091.069946,1097.23999,1086.25,1095.630005,3895520000,1095.630005,0.164416019
2009-12-01,1098.890015,1112.280029,1098.890015,1108.859985,4249310000,1108.859985,0.521279418
2009-12-02,1109.030029,1115.579956,1105.290039,1109.23999,3941340000,1109.23999,0.014880671
2009-12-03,1110.589966,1117.280029,1098.73999,1099.920044,4810030000,1099.920044,-0.366440192
2009-12-04,1100.430054,1119.130005,1096.52002,1105.97998,5781140000,1105.97998,0.238614929
2009-12-07,1105.52002,1110.719971,1100.829956,1103.25,4103360000,1103.25,-0.10733295
2009-12-08,1103.040039,1103.040039,1088.609985,1091.939941,4748030000,1091.939941,-0.447518421
2009-12-09,1091.069946,1097.040039,1085.890015,1095.949951,4115410000,1095.949951,0.159196966
2009-12-10,1098.689941,1106.25,1098.689941,1102.349976,3996490000,1102.349976,0.252877541
2009-12-11,1103.959961,1108.5,1101.339966,1106.410034,3791090000,1106.410034,0.159660874
2009-12-14,1107.839966,1114.76001,1107.839966,1114.109985,4548490000,1114.109985,0.301196081
2009-12-15,1114.109985,1114.109985,1105.349976,1107.930054,5045100000,1107.930054,-0.241572321
2009-12-16,1108.609985,1116.209961,1107.959961,1109.180054,4829820000,1109.180054,0.048970789
2009-12-17,1106.359985,1106.359985,1095.880005,1096.079956,7615070400,1096.079956,-0.515981532
2009-12-18,1097.859985,1103.73999,1093.880005,1102.469971,6325890000,1102.469971,0.252453313
2009-12-21,1105.310059,1117.680054,1105.310059,1114.050049,3977340000,1114.050049,0.453793305
2009-12-22,1114.51001,1120.27002,1114.51001,1118.02002,3641130000,1118.02002,0.154487831
2009-12-23,1118.839966,1121.579956,1116,1120.589966,3166870000,1120.589966,0.0997149
2009-12-24,1121.079956,1126.47998,1121.079956,1126.47998,1267710000,1126.47998,0.227674839
2009-12-28,1127.530029,1130.380005,1123.51001,1127.780029,2716400000,1127.780029,0.050092196
2009-12-29,1128.550049,1130.380005,1126.079956,1126.199951,2491020000,1126.199951,-0.060889562
2009-12-30,1125.530029,1126.420044,1121.939941,1126.420044,2277300000,1126.420044,0.008486578
2009-12-31,1126.599976,1127.640015,1114.810059,1115.099976,2076990000,1115.099976,-0.438656342
2010-01-04,1116.560059,1133.869995,1116.560059,1132.98999,3991400000,1132.98999,0.691226641
2010-01-05,1132.660034,1136.630005,1129.660034,1136.52002,2491020000,1136.52002,0.135101743
2010-01-06,1135.709961,1139.189941,1133.949951,1137.140015,4972660000,1137.140015,0.023685196
2010-01-07,1136.27002,1142.459961,1131.319946,1141.689941,5270680000,1141.689941,0.173423241
2010-01-08,1140.52002,1145.390015,1136.219971,1144.97998,4389590000,1144.97998,0.124971843
2010-01-11,1145.959961,1149.73999,1142.02002,1146.97998,4255780000,1146.97998,0.075794447
2010-01-12,1143.810059,1143.810059,1131.77002,1136.219971,4716160000,1136.219971,-0.409341909
2010-01-13,1137.310059,1148.400024,1133.180054,1145.680054,4170360000,1145.680054,0.360093373
2010-01-14,1145.680054,1150.410034,1143.800049,1148.459961,3915200000,1148.459961,0.105250669
2010-01-15,1147.719971,1147.77002,1131.390015,1136.030029,4758730000,1136.030029,-0.472604754
2010-01-19,1136.030029,1150.449951,1135.77002,1150.22998,4724830000,1150.22998,0.539487166
2010-01-20,1147.949951,1147.949951,1129.25,1138.040039,4810560000,1138.040039,-0.462714116
2010-01-21,1138.680054,1141.579956,1114.839966,1116.47998,6874289600,1116.47998,-0.830660187
2010-01-22,1115.48999,1115.48999,1090.180054,1091.76001,6208650000,1091.76001,-0.972375747
2010-01-25,1092.400024,1102.969971,1092.400024,1096.780029,4481390000,1096.780029,0.199235137
2010-01-26,1095.800049,1103.689941,1089.859985,1092.170044,4731910000,1092.170044,-0.182927334
2010-01-27,1091.939941,1099.51001,1083.109985,1097.5,5319120000,1097.5,0.211426836
2010-01-28,1096.930054,1100.219971,1078.459961,1084.530029,5452400000,1084.530029,-0.516294744
2010-01-29,1087.609985,1096.449951,1071.589966,1073.869995,5412850000,1073.869995,-0.428987355
2010-02-01,1073.890015,1089.380005,1073.890015,1089.189941,4077610000,1089.189941,0.615191392
2010-02-02,1090.050049,1104.72998,1087.959961,1103.319946,4749540000,1103.319946,0.559784765
2010-02-03,1100.670044,1102.719971,1093.969971,1097.280029,4285450000,1097.280029,-0.238399458
2010-02-04,1097.25,1097.25,1062.780029,1063.109985,5859690000,1063.109985,-1.373927774
2010-02-05,1064.119995,1067.130005,1044.5,1066.189941,6438900000,1066.189941,0.125638367
2010-02-08,1065.51001,1071.199951,1056.51001,1056.73999,4089820000,1056.73999,-0.386643819
2010-02-09,1060.060059,1079.280029,1060.060059,1070.52002,5114260000,1070.52002,0.562665088
2010-02-10,1069.680054,1073.670044,1059.339966,1068.130005,4251450000,1068.130005,-0.097067846
2010-02-11,1067.099976,1080.040039,1060.589966,1078.469971,4400870000,1078.469971,0.418394201
2010-02-12,1075.949951,1077.810059,1062.969971,1075.51001,4160680000,1075.51001,-0.119360027
2010-02-16,1079.130005,1095.670044,1079.130005,1094.869995,4080770000,1094.869995,0.774809724
2010-02-17,1096.140015,1101.030029,1094.719971,1099.51001,4259230000,1099.51001,0.18366335
2010-02-18,1099.030029,1108.23999,1097.47998,1106.75,3878620000,1106.75,0.28503431
2010-02-19,1105.48999,1112.420044,1100.800049,1109.170044,3944280000,1109.170044,0.094860117
2010-02-22,1110,1112.290039,1105.380005,1108.01001,3814440000,1108.01001,-0.04544479
2010-02-23,1107.48999,1108.579956,1092.180054,1094.599976,4521050000,1094.599976,-0.528824964
2010-02-24,1095.890015,1106.420044,1095.5,1105.23999,4168360000,1105.23999,0.420115597
2010-02-25,1101.23999,1103.5,1086.02002,1102.939941,4521130000,1102.939941,-0.090472605
2010-02-26,1103.099976,1107.23999,1097.560059,1104.48999,3945190000,1104.48999,0.060992001
2010-03-01,1105.359985,1116.109985,1105.359985,1115.709961,3847640000,1115.709961,0.438952624
2010-03-02,1117.01001,1123.459961,1116.51001,1118.310059,4134680000,1118.310059,0.101092086
2010-03-03,1119.359985,1125.640015,1116.579956,1118.790039,3951320000,1118.790039,0.018635972
2010-03-04,1119.119995,1123.72998,1116.660034,1122.969971,3945010000,1122.969971,0.161955205
2010-03-05,1125.119995,1139.380005,1125.119995,1138.699951,4133000000,1138.699951,0.604115888
2010-03-08,1138.400024,1141.050049,1136.77002,1138.5,3774680000,1138.5,-0.007626701
2010-03-09,1137.560059,1145.369995,1134.900024,1140.449951,5185570000,1140.449951,0.074319593
2010-03-10,1140.219971,1148.26001,1140.089966,1145.609985,5469120000,1145.609985,0.196055936
2010-03-11,1143.959961,1150.23999,1138.98999,1150.23999,4669060000,1150.23999,0.175167225
2010-03-12,1151.709961,1153.410034,1146.969971,1149.98999,4928160000,1149.98999,-0.00944024
2010-03-15,1148.530029,1150.97998,1141.449951,1150.51001,4164110000,1150.51001,0.019634151
2010-03-16,1150.829956,1160.280029,1150.349976,1159.459961,4369770000,1159.459961,0.336535438
2010-03-17,1159.939941,1169.839966,1159.939941,1166.209961,4963200000,1166.209961,0.252099058
2010-03-18,1166.130005,1167.77002,1161.160034,1165.829956,4234510000,1165.829956,-0.014153624
2010-03-19,1166.680054,1169.199951,1155.329956,1159.900024,5212410000,1159.900024,-0.22146529
2010-03-22,1157.25,1167.819946,1152.880005,1165.810059,4261680000,1165.810059,0.220724082
2010-03-23,1166.469971,1174.719971,1163.829956,1174.170044,4411640000,1174.170044,0.310319801
2010-03-24,1172.699951,1173.040039,1166.01001,1167.719971,4705750000,1167.719971,-0.239228843
2010-03-25,1170.030029,1180.689941,1165.089966,1165.72998,5668900000,1165.72998,-0.074074211
2010-03-26,1167.579956,1173.930054,1161.47998,1166.589966,4708420000,1166.589966,0.032027097
2010-03-29,1167.709961,1174.849976,1167.709961,1173.219971,4375580000,1173.219971,0.246121041
2010-03-30,1173.75,1177.829956,1168.920044,1173.27002,4085000000,1173.27002,0.00185264
2010-03-31,1171.75,1174.560059,1165.77002,1169.430054,4484340000,1169.430054,-0.142372262
2010-04-01,1171.22998,1181.430054,1170.689941,1178.099976,4006870000,1178.099976,0.320789626
2010-04-05,1178.709961,1187.72998,1178.709961,1187.439941,3881620000,1187.439941,0.342950572
2010-04-06,1186.01001,1191.800049,1182.77002,1189.439941,4086180000,1189.439941,0.073086501
2010-04-07,1188.22998,1189.599976,1177.25,1182.449951,5101430000,1182.449951,-0.255975025
2010-04-08,1181.75,1188.550049,1175.119995,1186.439941,4726970000,1186.439941,0.146299099
2010-04-09,1187.469971,1194.660034,1187.150024,1194.369995,4511570000,1194.369995,0.289312589
2010-04-12,1194.939941,1199.199951,1194.709961,1196.47998,4607090000,1196.47998,0.076655172
2010-04-13,1195.939941,1199.040039,1188.819946,1197.300049,5403580000,1197.300049,0.029756406
2010-04-14,1198.689941,1210.650024,1198.689941,1210.650024,5760040000,1210.650024,0.48156147
2010-04-15,1210.77002,1213.920044,1208.5,1211.670044,5995330000,1211.670044,0.036575603
2010-04-16,1210.170044,1210.170044,1186.77002,1192.130005,8108470400,1192.130005,-0.706075203
2010-04-19,1192.060059,1197.869995,1183.680054,1197.52002,6597740000,1197.52002,0.195916366
2010-04-20,1199.040039,1208.579956,1199.040039,1207.170044,5316590000,1207.170044,0.348566722
2010-04-21,1207.160034,1210.98999,1198.849976,1205.939941,5724310000,1205.939941,-0.044277053
2010-04-22,1202.52002,1210.27002,1190.189941,1208.670044,6035780000,1208.670044,0.098207924
2010-04-23,1207.869995,1217.280029,1205.099976,1217.280029,5326060000,1217.280029,0.308273836
2010-04-26,1217.069946,1219.800049,1211.069946,1212.050049,5647760000,1212.050049,-0.186994347
2010-04-27,1209.920044,1211.380005,1181.619995,1183.709961,7454540000,1183.709961,-1.027525121
2010-04-28,1184.589966,1195.050049,1181.810059,1191.359985,6342310000,1191.359985,0.279770683
2010-04-29,1193.300049,1209.359985,1193.300049,1206.780029,6059410000,1206.780029,0.558510535
2010-04-30,1206.77002,1207.98999,1186.319946,1186.689941,6048260000,1186.689941,-0.729085335
2010-05-03,1188.579956,1205.130005,1188.579956,1202.26001,4938050000,1202.26001,0.566114062
2010-05-04,1197.5,1197.5,1168.119995,1173.599976,6594720000,1173.599976,-1.047830974
2010-05-05,1169.23999,1175.949951,1158.150024,1165.869995,6795940000,1165.869995,-0.286996658
2010-05-06,1164.380005,1167.579956,1065.790039,1128.150024,10617809600,1128.150024,-1.428326841
2010-05-07,1127.040039,1135.130005,1094.150024,1110.880005,9472910400,1110.880005,-0.669970711
2010-05-10,1122.27002,1163.849976,1122.27002,1159.72998,6893700000,1159.72998,1.868973432
2010-05-11,1156.390015,1170.47998,1147.709961,1155.790039,5842550000,1155.790039,-0.147793694
2010-05-12,1155.430054,1172.869995,1155.430054,1171.670044,5225460000,1171.670044,0.592637924
2010-05-13,1170.040039,1173.569946,1156.140015,1157.439941,4870640000,1157.439941,-0.530686155
2010-05-14,1157.189941,1157.189941,1126.140015,1135.680054,6126400000,1135.680054,-0.824246663
2010-05-17,1136.52002,1141.880005,1114.959961,1136.939941,5922920000,1136.939941,0.048152531
2010-05-18,1138.780029,1148.660034,1117.199951,1120.800049,6170840000,1120.800049,-0.620938237
2010-05-19,1119.569946,1124.27002,1100.660034,1115.050049,6765800000,1115.050049,-0.223378014
2010-05-20,1107.339966,1107.339966,1071.579956,1071.589966,8328569600,1071.589966,-1.726572275
2010-05-21,1067.26001,1090.160034,1055.900024,1087.689941,5452130000,1087.689941,0.647647381
2010-05-24,1084.780029,1089.949951,1072.699951,1073.650024,5224040000,1073.650024,-0.564237403
2010-05-25,1067.420044,1074.75,1040.780029,1074.030029,7329580000,1074.030029,0.015368591
2010-05-26,1075.51001,1090.75,1065.589966,1067.949951,4521050000,1067.949951,-0.24655239
2010-05-27,1074.27002,1103.52002,1074.27002,1103.060059,5698460000,1103.060059,1.404825924
2010-05-28,1102.589966,1102.589966,1084.780029,1089.410034,4871210000,1089.410034,-0.540778837
2010-06-01,1087.300049,1094.77002,1069.890015,1070.709961,5271480000,1070.709961,-0.751952801
2010-06-02,1073.01001,1098.560059,1072.030029,1098.380005,5026360000,1098.380005,1.108077536
2010-06-03,1098.819946,1105.670044,1091.810059,1102.829956,4995970000,1102.829956,0.17559359
2010-06-04,1098.430054,1098.430054,1060.5,1064.880005,6180580000,1064.880005,-1.52078818
2010-06-07,1065.839966,1071.359985,1049.859985,1050.469971,5467560000,1050.469971,-0.59170304
2010-06-08,1050.810059,1063.150024,1042.170044,1062,6192750000,1062,0.474087468
2010-06-09,1062.75,1077.73999,1052.25,1055.689941,5983200000,1055.689941,-0.258813329
2010-06-10,1058.77002,1087.849976,1058.77002,1086.839966,5144780000,1086.839966,1.262921675
2010-06-11,1082.650024,1092.25,1077.119995,1091.599976,4059280000,1091.599976,0.189791725
2010-06-14,1095,1105.910034,1089.030029,1089.630005,4425830000,1089.630005,-0.078446361
2010-06-15,1091.209961,1115.589966,1091.209961,1115.22998,4644490000,1115.22998,1.008538192
2010-06-16,1114.02002,1118.73999,1107.130005,1114.609985,5002600000,1114.609985,-0.024150649
2010-06-17,1115.97998,1117.719971,1105.869995,1116.040039,4557760000,1116.040039,0.055684634
2010-06-18,1116.160034,1121.01001,1113.930054,1117.51001,4555360000,1117.51001,0.057164637
2010-06-21,1122.790039,1131.22998,1108.23999,1113.199951,4514360000,1113.199951,-0.167824343
2010-06-22,1113.900024,1118.5,1094.180054,1095.310059,4514380000,1095.310059,-0.703610243
2010-06-23,1095.569946,1099.640015,1085.310059,1092.040039,4526150000,1092.040039,-0.129851431
2010-06-24,1090.930054,1090.930054,1071.599976,1073.689941,4814830000,1073.689941,-0.735967742
2010-06-25,1075.099976,1083.560059,1067.890015,1076.76001,5128840000,1076.76001,0.124003345
2010-06-28,1077.5,1082.599976,1071.449951,1074.569946,3896410000,1074.569946,-0.088422795
2010-06-29,1071.099976,1071.099976,1035.180054,1041.23999,6136700000,1041.23999,-1.368385055
2010-06-30,1040.560059,1048.079956,1028.329956,1030.709961,5067080000,1030.709961,-0.441436615
2010-07-01,1031.099976,1033.579956,1010.909973,1027.369995,6435770000,1027.369995,-0.140959546
2010-07-02,1027.650024,1032.949951,1015.929993,1022.580017,3968500000,1022.580017,-0.202957612
2010-07-06,1028.089966,1042.5,1018.349976,1028.060059,4691240000,1028.060059,0.232118517
2010-07-07,1028.540039,1060.890015,1028.540039,1060.27002,4931220000,1060.27002,1.339799478
2010-07-08,1062.920044,1071.25,1058.23999,1070.25,4548460000,1070.25,0.406875496
2010-07-09,1070.5,1078.160034,1068.099976,1077.959961,3506570000,1077.959961,0.311739351
2010-07-12,1077.22998,1080.780029,1070.449951,1078.75,3426990000,1078.75,0.031817871
2010-07-13,1080.650024,1099.459961,1080.650024,1095.339966,4640460000,1095.339966,0.662812547
2010-07-14,1095.609985,1099.079956,1087.680054,1095.170044,4521050000,1095.170044,-0.006737809
2010-07-15,1094.459961,1098.660034,1080.530029,1096.47998,4552470000,1096.47998,0.051915045
2010-07-16,1093.849976,1093.849976,1063.319946,1064.880005,5297350000,1064.880005,-1.270003408
2010-07-19,1066.849976,1074.699951,1061.109985,1071.25,4089500000,1071.25,0.259016246
2010-07-20,1064.530029,1083.939941,1056.880005,1083.47998,4713280000,1083.47998,0.493005612
2010-07-21,1086.670044,1088.959961,1065.25,1069.589966,4747180000,1069.589966,-0.560357097
2010-07-22,1072.140015,1097.5,1072.140015,1093.670044,4826900000,1093.670044,0.966899672
2010-07-23,1092.170044,1103.72998,1087.880005,1102.660034,4524570000,1102.660034,0.355531702
2010-07-26,1102.890015,1115.01001,1101.300049,1115.01001,4009650000,1115.01001,0.483713246
2010-07-27,1117.359985,1120.949951,1109.780029,1113.839966,4725690000,1113.839966,-0.045596941
2010-07-28,1112.839966,1114.660034,1103.109985,1106.130005,4002390000,1106.130005,-0.301662367
2010-07-29,1108.069946,1115.900024,1092.819946,1101.530029,4612420000,1101.530029,-0.180983218
2010-07-30,1098.439941,1106.439941,1088.01001,1101.599976,4006450000,1101.599976,0.002757676
2010-08-02,1107.530029,1127.300049,1107.530029,1125.859985,4144180000,1125.859985,0.946046605
2010-08-03,1125.339966,1125.439941,1116.76001,1120.459961,4071820000,1120.459961,-0.208804195
2010-08-04,1121.060059,1128.75,1119.459961,1127.23999,4057850000,1127.23999,0.262004554
2010-08-05,1125.780029,1126.560059,1118.810059,1125.810059,3685560000,1125.810059,-0.05512627
2010-08-06,1122.069946,1123.060059,1107.170044,1121.640015,3857890000,1121.640015,-0.161163017
2010-08-09,1122.800049,1129.23999,1120.910034,1127.790039,3979360000,1127.790039,0.23747599
2010-08-10,1122.920044,1127.160034,1111.579956,1121.060059,3979360000,1121.060059,-0.259937459
2010-08-11,1116.890015,1116.890015,1088.550049,1089.469971,4511860000,1089.469971,-1.241361554
2010-08-12,1081.47998,1086.719971,1076.689941,1083.609985,4521050000,1083.609985,-0.23422661
2010-08-13,1082.219971,1086.25,1079,1079.25,3328890000,1079.25,-0.175094089
2010-08-16,1077.48999,1082.619995,1069.48999,1079.380005,3142450000,1079.380005,0.005231138
2010-08-17,1081.160034,1100.140015,1081.160034,1092.540039,3968210000,1092.540039,0.526299309
2010-08-18,1092.079956,1099.77002,1085.76001,1094.160034,3724260000,1094.160034,0.064348561
2010-08-19,1092.439941,1092.439941,1070.660034,1075.630005,4290540000,1075.630005,-0.741793892
2010-08-20,1075.630005,1075.630005,1063.910034,1071.689941,3761570000,1071.689941,-0.159375409
2010-08-23,1073.359985,1081.579956,1067.079956,1067.359985,3210950000,1067.359985,-0.175823719
2010-08-24,1063.199951,1063.199951,1046.680054,1051.869995,4436330000,1051.869995,-0.634885034
2010-08-25,1048.97998,1059.380005,1039.829956,1055.329956,4360190000,1055.329956,0.142619908
2010-08-26,1056.280029,1061.449951,1045.400024,1047.219971,3646710000,1047.219971,-0.335035012
2010-08-27,1049.27002,1065.209961,1039.699951,1064.589966,4102460000,1064.589966,0.71444527
2010-08-30,1062.900024,1064.400024,1048.790039,1048.920044,2917990000,1048.920044,-0.643998403
2010-08-31,1046.880005,1055.140015,1040.880005,1049.329956,4038770000,1049.329956,0.016968666
2010-09-01,1049.719971,1081.300049,1049.719971,1080.290039,4396880000,1080.290039,1.262830046
2010-09-02,1080.660034,1090.099976,1080.390015,1090.099976,3704210000,1090.099976,0.392595846
2010-09-03,1093.609985,1105.099976,1093.609985,1104.51001,3534500000,1104.51001,0.570332609
2010-09-07,1102.599976,1102.599976,1091.150024,1091.839966,3107380000,1091.839966,-0.501066888
2010-09-08,1092.359985,1103.26001,1092.359985,1098.869995,3224640000,1098.869995,0.27873277
2010-09-09,1101.150024,1110.27002,1101.150024,1104.180054,3387770000,1104.180054,0.209358275
2010-09-10,1104.569946,1110.880005,1103.920044,1109.550049,3061160000,1109.550049,0.210699919
2010-09-13,1113.380005,1123.869995,1113.380005,1121.900024,4521050000,1121.900024,0.480726038
2010-09-14,1121.160034,1127.359985,1115.579956,1121.099976,4521050000,1121.099976,-0.030981404
2010-09-15,1119.430054,1126.459961,1114.630005,1125.069946,3369840000,1125.069946,0.153518026
2010-09-16,1123.890015,1125.439941,1118.880005,1124.660034,3364080000,1124.660034,-0.015826123
2010-09-17,1126.390015,1131.469971,1122.430054,1125.589966,4086140000,1125.589966,0.035895066
2010-09-20,1126.569946,1144.859985,1126.569946,1142.709961,3364080000,1142.709961,0.655580019
2010-09-21,1142.819946,1148.589966,1136.219971,1139.780029,4175660000,1139.780029,-0.111497006
2010-09-22,1139.48999,1144.380005,1131.579956,1134.280029,3911070000,1134.280029,-0.210075745
2010-09-23,1131.099976,1136.77002,1122.790039,1124.829956,3847850000,1124.829956,-0.363341185
2010-09-24,1131.689941,1148.900024,1131.689941,1148.670044,4123950000,1148.670044,0.910842153
2010-09-27,1148.640015,1149.920044,1142,1142.160034,3587860000,1142.160034,-0.246833587
2010-09-28,1142.310059,1150,1132.089966,1147.699951,4025840000,1147.699951,0.210140366
2010-09-29,1146.75,1148.630005,1140.26001,1144.72998,3990280000,1144.72998,-0.112530614
2010-09-30,1145.969971,1157.160034,1136.079956,1141.199951,4284160000,1141.199951,-0.134131262
2010-10-01,1143.48999,1150.300049,1139.420044,1146.23999,4298910000,1146.23999,0.191381171
2010-10-04,1144.959961,1148.160034,1131.869995,1137.030029,3604110000,1137.030029,-0.350362147
2010-10-05,1140.680054,1162.76001,1140.680054,1160.75,4068840000,1160.75,0.896675777
2010-10-06,1159.810059,1162.329956,1154.849976,1159.969971,4073160000,1159.969971,-0.029194587
2010-10-07,1161.569946,1163.869995,1151.410034,1158.060059,3910550000,1158.060059,-0.071566323
2010-10-08,1158.359985,1167.72998,1155.579956,1165.150024,3871420000,1165.150024,0.265076521
2010-10-11,1165.319946,1168.680054,1162.02002,1165.319946,2505900000,1165.319946,0.006333159
2010-10-12,1164.280029,1172.579956,1155.709961,1169.77002,4076170000,1169.77002,0.16553066
2010-10-13,1171.319946,1184.380005,1171.319946,1178.099976,4969410000,1178.099976,0.308166049
2010-10-14,1177.819946,1178.890015,1166.709961,1173.810059,4969410000,1173.810059,-0.158432025
2010-10-15,1177.469971,1181.199951,1167.119995,1176.189941,5724910000,1176.189941,0.087963402
2010-10-18,1176.829956,1185.530029,1174.550049,1184.709961,4450050000,1184.709961,0.313457909
2010-10-19,1178.640015,1178.640015,1159.709961,1165.900024,5600120000,1165.900024,-0.695072876
2010-10-20,1166.73999,1182.939941,1166.73999,1178.170044,5027880000,1178.170044,0.454666498
2010-10-21,1179.819946,1189.430054,1171.170044,1180.26001,4625470000,1180.26001,0.076971622
2010-10-22,1180.52002,1183.930054,1178.98999,1183.079956,3177890000,1183.079956,0.103640406
2010-10-25,1184.73999,1196.140015,1184.73999,1185.619995,4221380000,1185.619995,0.093141839
2010-10-26,1184.880005,1187.109985,1177.719971,1185.640015,4203680000,1185.640015,0.00073333
2010-10-27,1183.839966,1183.839966,1171.699951,1182.449951,4335670000,1182.449951,-0.117008057
2010-10-28,1184.469971,1189.530029,1177.099976,1183.780029,4283460000,1183.780029,0.04882413
2010-10-29,1183.869995,1185.459961,1179.699951,1183.26001,3537880000,1183.26001,-0.019082177
2010-11-01,1185.709961,1195.810059,1177.650024,1184.380005,4129180000,1184.380005,0.041087976
2010-11-02,1187.859985,1195.880005,1187.859985,1193.569946,3866200000,1193.569946,0.335680785
2010-11-03,1193.790039,1198.300049,1183.560059,1197.959961,4665480000,1197.959961,0.159442826
2010-11-04,1198.339966,1221.25,1198.339966,1221.060059,5695470000,1221.060059,0.829472264
2010-11-05,1221.199951,1227.079956,1220.290039,1225.849976,5637460000,1225.849976,0.170029723
2010-11-08,1223.23999,1224.569946,1217.550049,1223.25,3937230000,1223.25,-0.092209846
2010-11-09,1223.589966,1226.839966,1208.939941,1213.400024,4848040000,1213.400024,-0.351122523
2010-11-10,1213.140015,1218.75,1204.329956,1218.709961,4561300000,1218.709961,0.189636161
2010-11-11,1213.040039,1215.449951,1204.48999,1213.540039,3931120000,1213.540039,-0.184625098
2010-11-12,1209.069946,1210.5,1194.079956,1199.209961,4213620000,1199.209961,-0.515888259
2010-11-15,1200.439941,1207.430054,1197.150024,1197.75,3503370000,1197.75,-0.052904771
2010-11-16,1194.790039,1194.790039,1173,1178.339966,5116380000,1178.339966,-0.709557154
2010-11-17,1178.329956,1183.560059,1175.819946,1178.589966,3904780000,1178.589966,0.009213139
2010-11-18,1183.75,1200.290039,1183.75,1196.689941,4687260000,1196.689941,0.661890112
2010-11-19,1196.119995,1199.969971,1189.439941,1199.72998,3675390000,1199.72998,0.110187105
2010-11-22,1198.069946,1198.939941,1184.579956,1197.839966,3689500000,1197.839966,-0.06847123
2010-11-23,1192.51001,1192.51001,1176.910034,1180.72998,4133070000,1180.72998,-0.624820867
2010-11-24,1183.699951,1198.619995,1183.699951,1198.349976,3384250000,1198.349976,0.643308093
2010-11-26,1194.160034,1194.160034,1186.930054,1189.400024,1613820000,1189.400024,-0.325572859
2010-11-29,1189.079956,1190.339966,1173.640015,1187.76001,3673450000,1187.76001,-0.059924375
2010-11-30,1182.959961,1187.400024,1174.140015,1180.550049,4284700000,1180.550049,-0.264429561
2010-12-01,1186.599976,1207.609985,1186.599976,1206.069946,4548110000,1206.069946,0.928809187
2010-12-02,1206.810059,1221.890015,1206.810059,1221.530029,4970800000,1221.530029,0.553165231
2010-12-03,1219.930054,1225.569946,1216.819946,1224.709961,3735780000,1224.709961,0.112910238
2010-12-06,1223.869995,1225.800049,1220.670044,1223.119995,3527370000,1223.119995,-0.056418425
2010-12-07,1227.25,1235.050049,1223.25,1223.75,6970630400,1223.75,0.022363894
2010-12-08,1225.02002,1228.930054,1219.5,1228.280029,4607590000,1228.280029,0.160468576
2010-12-09,1230.140015,1234.709961,1226.849976,1233,4522510000,1233,0.166568602
2010-12-10,1233.849976,1240.400024,1232.579956,1240.400024,4547310000,1240.400024,0.259868937
2010-12-13,1242.52002,1246.72998,1240.339966,1240.459961,4361240000,1240.459961,0.002098491
2010-12-14,1241.839966,1246.589966,1238.170044,1241.589966,4132350000,1241.589966,0.039544327
2010-12-15,1241.579956,1244.25,1234.01001,1235.22998,4407340000,1235.22998,-0.223037036
2010-12-16,1236.339966,1243.75,1232.849976,1242.869995,4736820000,1242.869995,0.267787975
2010-12-17,1243.630005,1245.810059,1239.869995,1243.910034,4632470000,1243.910034,0.036326753
2010-12-20,1245.76001,1250.199951,1241.51001,1247.079956,3548140000,1247.079956,0.110532791
2010-12-21,1249.430054,1255.819946,1249.430054,1254.599976,3479670000,1254.599976,0.261097592
2010-12-22,1254.939941,1259.390015,1254.939941,1258.839966,1285590000,1258.839966,0.146524767
2010-12-23,1257.530029,1258.589966,1254.050049,1256.77002,2515020000,1256.77002,-0.071471041
2010-12-27,1254.660034,1258.430054,1251.47998,1257.540039,1992470000,1257.540039,0.026600937
2010-12-28,1259.099976,1259.900024,1256.219971,1258.51001,2478450000,1258.51001,0.03348527
2010-12-29,1258.780029,1262.599976,1258.780029,1259.780029,2214380000,1259.780029,0.043804509
2010-12-30,1259.439941,1261.089966,1256.319946,1257.880005,1970720000,1257.880005,-0.065550558
2010-12-31,1256.76001,1259.339966,1254.189941,1257.640015,1799770000,1257.640015,-0.008286663